﻿<?xml version="1.0" encoding="utf-8"?>
<TextureAtlas imagePath="BOYFRIEND.png">
	<!-- Created with Adobe Animate version 20.5.0.29329 -->
	<!-- http://www.adobe.com/products/animate.html -->
	<SubTexture name="BF Dead Loop0000" x="0" y="0" width="457" height="435" pivotX="-35.7" pivotY="-998.7"/>
	<SubTexture name="BF Dead Loop0001" x="457" y="0" width="457" height="435"/>
	<SubTexture name="BF Dead Loop0002" x="457" y="0" width="457" height="435"/>
	<SubTexture name="BF Dead Loop0003" x="914" y="0" width="457" height="435"/>
	<SubTexture name="BF Dead Loop0004" x="914" y="0" width="457" height="435"/>
	<SubTexture name="BF Dead Loop0005" x="1371" y="0" width="457" height="435"/>
	<SubTexture name="BF Dead Loop0006" x="1371" y="0" width="457" height="435"/>
	<SubTexture name="BF Dead Loop0007" x="1828" y="0" width="457" height="435"/>
	<SubTexture name="BF Dead Loop0008" x="1828" y="0" width="457" height="435"/>
	<SubTexture name="BF Dead Loop0009" x="1828" y="0" width="457" height="435"/>
	<SubTexture name="BF Dead Loop0010" x="1828" y="0" width="457" height="435"/>
	<SubTexture name="BF Dead Loop0011" x="1828" y="0" width="457" height="435"/>
	<SubTexture name="BF Dead Loop0012" x="1828" y="0" width="457" height="435"/>
	<SubTexture name="BF Dead Loop0013" x="1828" y="0" width="457" height="435"/>
	<SubTexture name="BF Dead Loop0014" x="1828" y="0" width="457" height="435"/>
	<SubTexture name="BF Dead Loop0015" x="1828" y="0" width="457" height="435"/>
	<SubTexture name="BF Dead Loop0016" x="1828" y="0" width="457" height="435"/>
	<SubTexture name="BF Dead Loop0017" x="0" y="0" width="457" height="435"/>
	<SubTexture name="BF Dead Loop0018" x="457" y="0" width="457" height="435"/>
	<SubTexture name="BF Dead Loop0019" x="457" y="0" width="457" height="435"/>
	<SubTexture name="BF Dead Loop0020" x="914" y="0" width="457" height="435"/>
	<SubTexture name="BF Dead Loop0021" x="914" y="0" width="457" height="435"/>
	<SubTexture name="BF Dead Loop0022" x="1371" y="0" width="457" height="435"/>
	<SubTexture name="BF Dead Loop0023" x="1371" y="0" width="457" height="435"/>
	<SubTexture name="BF Dead Loop0024" x="1828" y="0" width="457" height="435"/>
	<SubTexture name="BF Dead Loop0025" x="1828" y="0" width="457" height="435"/>
	<SubTexture name="BF Dead Loop0026" x="1828" y="0" width="457" height="435"/>
	<SubTexture name="BF Dead Loop0027" x="1828" y="0" width="457" height="435"/>
	<SubTexture name="BF Dead Loop0028" x="1828" y="0" width="457" height="435"/>
	<SubTexture name="BF Dead Loop0029" x="1828" y="0" width="457" height="435"/>
	<SubTexture name="BF Dead Loop0030" x="1828" y="0" width="457" height="435"/>
	<SubTexture name="BF Dead Loop0031" x="1828" y="0" width="457" height="435"/>
	<SubTexture name="BF Dead Loop0032" x="1828" y="0" width="457" height="435"/>
	<SubTexture name="BF Dead Loop0033" x="1828" y="0" width="457" height="435"/>
	<SubTexture name="BF Dead confirm0000" x="2285" y="0" width="457" height="435" pivotX="-35.7" pivotY="-934.9" frameX="0" frameY="-64" frameWidth="457" frameHeight="499"/>
	<SubTexture name="BF Dead confirm0001" x="2742" y="0" width="457" height="469" frameX="0" frameY="-30" frameWidth="457" frameHeight="499"/>
	<SubTexture name="BF Dead confirm0002" x="3199" y="0" width="457" height="499"/>
	<SubTexture name="BF Dead confirm0003" x="3656" y="0" width="457" height="469" frameX="0" frameY="-30" frameWidth="457" frameHeight="499"/>
	<SubTexture name="BF Dead confirm0004" x="4113" y="0" width="457" height="469" frameX="0" frameY="-30" frameWidth="457" frameHeight="499"/>
	<SubTexture name="BF Dead confirm0005" x="4570" y="0" width="457" height="469" frameX="0" frameY="-30" frameWidth="457" frameHeight="499"/>
	<SubTexture name="BF Dead confirm0006" x="5027" y="0" width="457" height="469" frameX="0" frameY="-30" frameWidth="457" frameHeight="499"/>
	<SubTexture name="BF Dead confirm0007" x="5484" y="0" width="457" height="469" frameX="0" frameY="-30" frameWidth="457" frameHeight="499"/>
	<SubTexture name="BF Dead confirm0008" x="5941" y="0" width="457" height="469" frameX="0" frameY="-30" frameWidth="457" frameHeight="499"/>
	<SubTexture name="BF Dead confirm0009" x="6398" y="0" width="457" height="469" frameX="0" frameY="-30" frameWidth="457" frameHeight="499"/>
	<SubTexture name="BF Dead confirm0010" x="6855" y="0" width="457" height="469" frameX="0" frameY="-30" frameWidth="457" frameHeight="499"/>
	<SubTexture name="BF Dead confirm0011" x="7312" y="0" width="457" height="469" frameX="0" frameY="-30" frameWidth="457" frameHeight="499"/>
	<SubTexture name="BF Dead confirm0012" x="0" y="499" width="457" height="469" frameX="0" frameY="-30" frameWidth="457" frameHeight="499"/>
	<SubTexture name="BF Dead confirm0013" x="457" y="499" width="457" height="469" frameX="0" frameY="-30" frameWidth="457" frameHeight="499"/>
	<SubTexture name="BF Dead confirm0014" x="914" y="499" width="457" height="469" frameX="0" frameY="-30" frameWidth="457" frameHeight="499"/>
	<SubTexture name="BF Dead confirm0015" x="1371" y="499" width="457" height="469" frameX="0" frameY="-30" frameWidth="457" frameHeight="499"/>
	<SubTexture name="BF Dead confirm0016" x="1828" y="499" width="457" height="469" frameX="0" frameY="-30" frameWidth="457" frameHeight="499"/>
	<SubTexture name="BF Dead confirm0017" x="2285" y="499" width="457" height="469" frameX="0" frameY="-30" frameWidth="457" frameHeight="499"/>
	<SubTexture name="BF Dead confirm0018" x="2742" y="499" width="457" height="469" frameX="0" frameY="-30" frameWidth="457" frameHeight="499"/>
	<SubTexture name="BF Dead confirm0019" x="3199" y="499" width="457" height="469" frameX="0" frameY="-30" frameWidth="457" frameHeight="499"/>
	<SubTexture name="BF Dead confirm0020" x="3656" y="499" width="457" height="469" frameX="0" frameY="-30" frameWidth="457" frameHeight="499"/>
	<SubTexture name="BF Dead confirm0021" x="4113" y="499" width="457" height="469" frameX="0" frameY="-30" frameWidth="457" frameHeight="499"/>
	<SubTexture name="BF Dead confirm0022" x="4570" y="499" width="457" height="469" frameX="0" frameY="-30" frameWidth="457" frameHeight="499"/>
	<SubTexture name="BF Dead confirm0023" x="5027" y="499" width="457" height="469" frameX="0" frameY="-30" frameWidth="457" frameHeight="499"/>
	<SubTexture name="BF Dead confirm0024" x="5027" y="499" width="457" height="469" frameX="0" frameY="-30" frameWidth="457" frameHeight="499"/>
	<SubTexture name="BF Dead confirm0025" x="5027" y="499" width="457" height="469" frameX="0" frameY="-30" frameWidth="457" frameHeight="499"/>
	<SubTexture name="BF Dead confirm0026" x="5027" y="499" width="457" height="469" frameX="0" frameY="-30" frameWidth="457" frameHeight="499"/>
	<SubTexture name="BF Dead confirm0027" x="5027" y="499" width="457" height="469" frameX="0" frameY="-30" frameWidth="457" frameHeight="499"/>
	<SubTexture name="BF Dead confirm0028" x="5027" y="499" width="457" height="469" frameX="0" frameY="-30" frameWidth="457" frameHeight="499"/>
	<SubTexture name="BF Dead confirm0029" x="5027" y="499" width="457" height="469" frameX="0" frameY="-30" frameWidth="457" frameHeight="499"/>
	<SubTexture name="BF Dead confirm0030" x="5027" y="499" width="457" height="469" frameX="0" frameY="-30" frameWidth="457" frameHeight="499"/>
	<SubTexture name="BF Dead confirm0031" x="5027" y="499" width="457" height="469" frameX="0" frameY="-30" frameWidth="457" frameHeight="499"/>
	<SubTexture name="BF Dead confirm0032" x="5027" y="499" width="457" height="469" frameX="0" frameY="-30" frameWidth="457" frameHeight="499"/>
	<SubTexture name="BF Dead confirm0033" x="5027" y="499" width="457" height="469" frameX="0" frameY="-30" frameWidth="457" frameHeight="499"/>
	<SubTexture name="BF HEY!!0000" x="5484" y="499" width="415" height="416" pivotX="-298.8" pivotY="206.95" frameX="0" frameY="0" frameWidth="418" frameHeight="418"/>
	<SubTexture name="BF HEY!!0001" x="5484" y="499" width="415" height="416" frameX="0" frameY="0" frameWidth="418" frameHeight="418"/>
	<SubTexture name="BF HEY!!0002" x="5899" y="499" width="417" height="410" frameX="-1" frameY="-8" frameWidth="418" frameHeight="418"/>
	<SubTexture name="BF HEY!!0003" x="5899" y="499" width="417" height="410" frameX="-1" frameY="-8" frameWidth="418" frameHeight="418"/>
	<SubTexture name="BF HEY!!0004" x="6316" y="499" width="417" height="412" frameX="-1" frameY="-6" frameWidth="418" frameHeight="418"/>
	<SubTexture name="BF HEY!!0005" x="6316" y="499" width="417" height="412" frameX="-1" frameY="-6" frameWidth="418" frameHeight="418"/>
	<SubTexture name="BF HEY!!0006" x="6316" y="499" width="417" height="412" frameX="-1" frameY="-6" frameWidth="418" frameHeight="418"/>
	<SubTexture name="BF HEY!!0007" x="6316" y="499" width="417" height="412" frameX="-1" frameY="-6" frameWidth="418" frameHeight="418"/>
	<SubTexture name="BF HEY!!0008" x="6316" y="499" width="417" height="412" frameX="-1" frameY="-6" frameWidth="418" frameHeight="418"/>
	<SubTexture name="BF HEY!!0009" x="6316" y="499" width="417" height="412" frameX="-1" frameY="-6" frameWidth="418" frameHeight="418"/>
	<SubTexture name="BF HEY!!0010" x="6316" y="499" width="417" height="412" frameX="-1" frameY="-6" frameWidth="418" frameHeight="418"/>
	<SubTexture name="BF HEY!!0011" x="6316" y="499" width="417" height="412" frameX="-1" frameY="-6" frameWidth="418" frameHeight="418"/>
	<SubTexture name="BF HEY!!0012" x="6316" y="499" width="417" height="412" frameX="-1" frameY="-6" frameWidth="418" frameHeight="418"/>
	<SubTexture name="BF HEY!!0013" x="6316" y="499" width="417" height="412" frameX="-1" frameY="-6" frameWidth="418" frameHeight="418"/>
	<SubTexture name="BF HEY!!0014" x="6316" y="499" width="417" height="412" frameX="-1" frameY="-6" frameWidth="418" frameHeight="418"/>
	<SubTexture name="BF HEY!!0015" x="6316" y="499" width="417" height="412" frameX="-1" frameY="-6" frameWidth="418" frameHeight="418"/>
	<SubTexture name="BF HEY!!0016" x="6316" y="499" width="417" height="412" frameX="-1" frameY="-6" frameWidth="418" frameHeight="418"/>
	<SubTexture name="BF HEY!!0017" x="6316" y="499" width="417" height="412" frameX="-1" frameY="-6" frameWidth="418" frameHeight="418"/>
	<SubTexture name="BF HEY!!0018" x="6316" y="499" width="417" height="412" frameX="-1" frameY="-6" frameWidth="418" frameHeight="418"/>
	<SubTexture name="BF HEY!!0019" x="6316" y="499" width="417" height="412" frameX="-1" frameY="-6" frameWidth="418" frameHeight="418"/>
	<SubTexture name="BF HEY!!0020" x="6316" y="499" width="417" height="412" frameX="-1" frameY="-6" frameWidth="418" frameHeight="418"/>
	<SubTexture name="BF HEY!!0021" x="6316" y="499" width="417" height="412" frameX="-1" frameY="-6" frameWidth="418" frameHeight="418"/>
	<SubTexture name="BF HEY!!0022" x="6316" y="499" width="417" height="412" frameX="-1" frameY="-6" frameWidth="418" frameHeight="418"/>
	<SubTexture name="BF HEY!!0023" x="6316" y="499" width="417" height="412" frameX="-1" frameY="-6" frameWidth="418" frameHeight="418"/>
	<SubTexture name="BF HEY!!0024" x="6316" y="499" width="417" height="412" frameX="-1" frameY="-6" frameWidth="418" frameHeight="418"/>
	<SubTexture name="BF HEY!!0025" x="6316" y="499" width="417" height="412" frameX="-1" frameY="-6" frameWidth="418" frameHeight="418"/>
	<SubTexture name="BF NOTE DOWN0000" x="6733" y="499" width="405" height="357" pivotX="-20.6" pivotY="-12.2" frameX="-5" frameY="-5" frameWidth="410" frameHeight="362"/>
	<SubTexture name="BF NOTE DOWN0001" x="6733" y="499" width="405" height="357" frameX="-5" frameY="-5" frameWidth="410" frameHeight="362"/>
	<SubTexture name="BF NOTE DOWN0002" x="7138" y="499" width="408" height="362" frameX="0" frameY="0" frameWidth="410" frameHeight="362"/>
	<SubTexture name="BF NOTE DOWN0003" x="7138" y="499" width="408" height="362" frameX="0" frameY="0" frameWidth="410" frameHeight="362"/>
	<SubTexture name="BF NOTE DOWN0004" x="7138" y="499" width="408" height="362" frameX="0" frameY="0" frameWidth="410" frameHeight="362"/>
	<SubTexture name="BF NOTE DOWN0005" x="7138" y="499" width="408" height="362" frameX="0" frameY="0" frameWidth="410" frameHeight="362"/>
	<SubTexture name="BF NOTE DOWN0006" x="7138" y="499" width="408" height="362" frameX="0" frameY="0" frameWidth="410" frameHeight="362"/>
	<SubTexture name="BF NOTE DOWN0007" x="7138" y="499" width="408" height="362" frameX="0" frameY="0" frameWidth="410" frameHeight="362"/>
	<SubTexture name="BF NOTE DOWN0008" x="7138" y="499" width="408" height="362" frameX="0" frameY="0" frameWidth="410" frameHeight="362"/>
	<SubTexture name="BF NOTE DOWN0009" x="7138" y="499" width="408" height="362" frameX="0" frameY="0" frameWidth="410" frameHeight="362"/>
	<SubTexture name="BF NOTE DOWN0010" x="7138" y="499" width="408" height="362" frameX="0" frameY="0" frameWidth="410" frameHeight="362"/>
	<SubTexture name="BF NOTE DOWN0011" x="7138" y="499" width="408" height="362" frameX="0" frameY="0" frameWidth="410" frameHeight="362"/>
	<SubTexture name="BF NOTE DOWN0012" x="7138" y="499" width="408" height="362" frameX="0" frameY="0" frameWidth="410" frameHeight="362"/>
	<SubTexture name="BF NOTE DOWN0013" x="7138" y="499" width="408" height="362" frameX="0" frameY="0" frameWidth="410" frameHeight="362"/>
	<SubTexture name="BF NOTE DOWN0014" x="7138" y="499" width="408" height="362" frameX="0" frameY="0" frameWidth="410" frameHeight="362"/>
	<SubTexture name="BF NOTE DOWN0015" x="7138" y="499" width="408" height="362" frameX="0" frameY="0" frameWidth="410" frameHeight="362"/>
	<SubTexture name="BF NOTE DOWN0016" x="7138" y="499" width="408" height="362" frameX="0" frameY="0" frameWidth="410" frameHeight="362"/>
	<SubTexture name="BF NOTE DOWN0017" x="7138" y="499" width="408" height="362" frameX="0" frameY="0" frameWidth="410" frameHeight="362"/>
	<SubTexture name="BF NOTE DOWN0018" x="7138" y="499" width="408" height="362" frameX="0" frameY="0" frameWidth="410" frameHeight="362"/>
	<SubTexture name="BF NOTE DOWN0019" x="7138" y="499" width="408" height="362" frameX="0" frameY="0" frameWidth="410" frameHeight="362"/>
	<SubTexture name="BF NOTE DOWN0020" x="7138" y="499" width="408" height="362" frameX="0" frameY="0" frameWidth="410" frameHeight="362"/>
	<SubTexture name="BF NOTE DOWN0021" x="7138" y="499" width="408" height="362" frameX="0" frameY="0" frameWidth="410" frameHeight="362"/>
	<SubTexture name="BF NOTE DOWN0022" x="7138" y="499" width="408" height="362" frameX="0" frameY="0" frameWidth="410" frameHeight="362"/>
	<SubTexture name="BF NOTE DOWN0023" x="7138" y="499" width="408" height="362" frameX="0" frameY="0" frameWidth="410" frameHeight="362"/>
	<SubTexture name="BF NOTE DOWN0024" x="7138" y="499" width="408" height="362" frameX="0" frameY="0" frameWidth="410" frameHeight="362"/>
	<SubTexture name="BF NOTE DOWN0025" x="7138" y="499" width="408" height="362" frameX="0" frameY="0" frameWidth="410" frameHeight="362"/>
	<SubTexture name="BF NOTE DOWN0026" x="7138" y="499" width="408" height="362" frameX="0" frameY="0" frameWidth="410" frameHeight="362"/>
	<SubTexture name="BF NOTE DOWN0027" x="7138" y="499" width="408" height="362" frameX="0" frameY="0" frameWidth="410" frameHeight="362"/>
	<SubTexture name="BF NOTE DOWN0028" x="7138" y="499" width="408" height="362" frameX="0" frameY="0" frameWidth="410" frameHeight="362"/>
	<SubTexture name="BF NOTE DOWN0029" x="7138" y="499" width="408" height="362" frameX="0" frameY="0" frameWidth="410" frameHeight="362"/>
	<SubTexture name="BF NOTE DOWN MISS0000" x="7546" y="499" width="405" height="357" pivotX="-25.5" pivotY="14.4" frameX="0" frameY="-31" frameWidth="417" frameHeight="407"/>
	<SubTexture name="BF NOTE DOWN MISS0001" x="0" y="968" width="402" height="407" frameX="-13" frameY="0" frameWidth="417" frameHeight="407"/>
	<SubTexture name="BF NOTE DOWN MISS0002" x="0" y="968" width="402" height="407" frameX="-13" frameY="0" frameWidth="417" frameHeight="407"/>
	<SubTexture name="BF NOTE DOWN MISS0003" x="402" y="968" width="405" height="402" frameX="-12" frameY="-4" frameWidth="417" frameHeight="407"/>
	<SubTexture name="BF NOTE DOWN MISS0004" x="402" y="968" width="405" height="402" frameX="-12" frameY="-4" frameWidth="417" frameHeight="407"/>
	<SubTexture name="BF NOTE DOWN MISS0005" x="402" y="968" width="405" height="402" frameX="-12" frameY="-4" frameWidth="417" frameHeight="407"/>
	<SubTexture name="BF NOTE DOWN MISS0006" x="402" y="968" width="405" height="402" frameX="-12" frameY="-4" frameWidth="417" frameHeight="407"/>
	<SubTexture name="BF NOTE DOWN MISS0007" x="402" y="968" width="405" height="402" frameX="-12" frameY="-4" frameWidth="417" frameHeight="407"/>
	<SubTexture name="BF NOTE DOWN MISS0008" x="402" y="968" width="405" height="402" frameX="-12" frameY="-4" frameWidth="417" frameHeight="407"/>
	<SubTexture name="BF NOTE DOWN MISS0009" x="402" y="968" width="405" height="402" frameX="-12" frameY="-4" frameWidth="417" frameHeight="407"/>
	<SubTexture name="BF NOTE DOWN MISS0010" x="402" y="968" width="405" height="402" frameX="-12" frameY="-4" frameWidth="417" frameHeight="407"/>
	<SubTexture name="BF NOTE DOWN MISS0011" x="402" y="968" width="405" height="402" frameX="-12" frameY="-4" frameWidth="417" frameHeight="407"/>
	<SubTexture name="BF NOTE DOWN MISS0012" x="402" y="968" width="405" height="402" frameX="-12" frameY="-4" frameWidth="417" frameHeight="407"/>
	<SubTexture name="BF NOTE DOWN MISS0013" x="402" y="968" width="405" height="402" frameX="-12" frameY="-4" frameWidth="417" frameHeight="407"/>
	<SubTexture name="BF NOTE DOWN MISS0014" x="402" y="968" width="405" height="402" frameX="-12" frameY="-4" frameWidth="417" frameHeight="407"/>
	<SubTexture name="BF NOTE DOWN MISS0015" x="402" y="968" width="405" height="402" frameX="-12" frameY="-4" frameWidth="417" frameHeight="407"/>
	<SubTexture name="BF NOTE DOWN MISS0016" x="402" y="968" width="405" height="402" frameX="-12" frameY="-4" frameWidth="417" frameHeight="407"/>
	<SubTexture name="BF NOTE DOWN MISS0017" x="402" y="968" width="405" height="402" frameX="-12" frameY="-4" frameWidth="417" frameHeight="407"/>
	<SubTexture name="BF NOTE DOWN MISS0018" x="402" y="968" width="405" height="402" frameX="-12" frameY="-4" frameWidth="417" frameHeight="407"/>
	<SubTexture name="BF NOTE DOWN MISS0019" x="402" y="968" width="405" height="402" frameX="-12" frameY="-4" frameWidth="417" frameHeight="407"/>
	<SubTexture name="BF NOTE DOWN MISS0020" x="402" y="968" width="405" height="402" frameX="-12" frameY="-4" frameWidth="417" frameHeight="407"/>
	<SubTexture name="BF NOTE DOWN MISS0021" x="402" y="968" width="405" height="402" frameX="-12" frameY="-4" frameWidth="417" frameHeight="407"/>
	<SubTexture name="BF NOTE DOWN MISS0022" x="402" y="968" width="405" height="402" frameX="-12" frameY="-4" frameWidth="417" frameHeight="407"/>
	<SubTexture name="BF NOTE DOWN MISS0023" x="402" y="968" width="405" height="402" frameX="-12" frameY="-4" frameWidth="417" frameHeight="407"/>
	<SubTexture name="BF NOTE DOWN MISS0024" x="402" y="968" width="405" height="402" frameX="-12" frameY="-4" frameWidth="417" frameHeight="407"/>
	<SubTexture name="BF NOTE DOWN MISS0025" x="402" y="968" width="405" height="402" frameX="-12" frameY="-4" frameWidth="417" frameHeight="407"/>
	<SubTexture name="BF NOTE DOWN MISS0026" x="402" y="968" width="405" height="402" frameX="-12" frameY="-4" frameWidth="417" frameHeight="407"/>
	<SubTexture name="BF NOTE DOWN MISS0027" x="402" y="968" width="405" height="402" frameX="-12" frameY="-4" frameWidth="417" frameHeight="407"/>
	<SubTexture name="BF NOTE DOWN MISS0028" x="402" y="968" width="405" height="402" frameX="-12" frameY="-4" frameWidth="417" frameHeight="407"/>
	<SubTexture name="BF NOTE LEFT0000" x="807" y="968" width="405" height="406" pivotX="-296.25" pivotY="194" frameX="-1" frameY="0" frameWidth="412" frameHeight="406"/>
	<SubTexture name="BF NOTE LEFT0001" x="807" y="968" width="405" height="406" frameX="-1" frameY="0" frameWidth="412" frameHeight="406"/>
	<SubTexture name="BF NOTE LEFT0002" x="1212" y="968" width="412" height="404" frameX="0" frameY="-2" frameWidth="412" frameHeight="406"/>
	<SubTexture name="BF NOTE LEFT0003" x="1212" y="968" width="412" height="404" frameX="0" frameY="-2" frameWidth="412" frameHeight="406"/>
	<SubTexture name="BF NOTE LEFT0004" x="1212" y="968" width="412" height="404" frameX="0" frameY="-2" frameWidth="412" frameHeight="406"/>
	<SubTexture name="BF NOTE LEFT0005" x="1212" y="968" width="412" height="404" frameX="0" frameY="-2" frameWidth="412" frameHeight="406"/>
	<SubTexture name="BF NOTE LEFT0006" x="1212" y="968" width="412" height="404" frameX="0" frameY="-2" frameWidth="412" frameHeight="406"/>
	<SubTexture name="BF NOTE LEFT0007" x="1212" y="968" width="412" height="404" frameX="0" frameY="-2" frameWidth="412" frameHeight="406"/>
	<SubTexture name="BF NOTE LEFT0008" x="1212" y="968" width="412" height="404" frameX="0" frameY="-2" frameWidth="412" frameHeight="406"/>
	<SubTexture name="BF NOTE LEFT0009" x="1212" y="968" width="412" height="404" frameX="0" frameY="-2" frameWidth="412" frameHeight="406"/>
	<SubTexture name="BF NOTE LEFT0010" x="1212" y="968" width="412" height="404" frameX="0" frameY="-2" frameWidth="412" frameHeight="406"/>
	<SubTexture name="BF NOTE LEFT0011" x="1212" y="968" width="412" height="404" frameX="0" frameY="-2" frameWidth="412" frameHeight="406"/>
	<SubTexture name="BF NOTE LEFT0012" x="1212" y="968" width="412" height="404" frameX="0" frameY="-2" frameWidth="412" frameHeight="406"/>
	<SubTexture name="BF NOTE LEFT0013" x="1212" y="968" width="412" height="404" frameX="0" frameY="-2" frameWidth="412" frameHeight="406"/>
	<SubTexture name="BF NOTE LEFT0014" x="1212" y="968" width="412" height="404" frameX="0" frameY="-2" frameWidth="412" frameHeight="406"/>
	<SubTexture name="BF NOTE LEFT MISS0000" x="1624" y="968" width="405" height="406" pivotX="-297.15" pivotY="220.15" frameX="0" frameY="-26" frameWidth="405" frameHeight="432"/>
	<SubTexture name="BF NOTE LEFT MISS0001" x="2029" y="968" width="362" height="430" frameX="-32" frameY="0" frameWidth="405" frameHeight="432"/>
	<SubTexture name="BF NOTE LEFT MISS0002" x="2029" y="968" width="362" height="430" frameX="-32" frameY="0" frameWidth="405" frameHeight="432"/>
	<SubTexture name="BF NOTE LEFT MISS0003" x="2391" y="968" width="363" height="430" frameX="-29" frameY="0" frameWidth="405" frameHeight="432"/>
	<SubTexture name="BF NOTE LEFT MISS0004" x="2391" y="968" width="363" height="430" frameX="-29" frameY="0" frameWidth="405" frameHeight="432"/>
	<SubTexture name="BF NOTE LEFT MISS0005" x="2391" y="968" width="363" height="430" frameX="-29" frameY="0" frameWidth="405" frameHeight="432"/>
	<SubTexture name="BF NOTE LEFT MISS0006" x="2391" y="968" width="363" height="430" frameX="-29" frameY="0" frameWidth="405" frameHeight="432"/>
	<SubTexture name="BF NOTE LEFT MISS0007" x="2391" y="968" width="363" height="430" frameX="-29" frameY="0" frameWidth="405" frameHeight="432"/>
	<SubTexture name="BF NOTE LEFT MISS0008" x="2391" y="968" width="363" height="430" frameX="-29" frameY="0" frameWidth="405" frameHeight="432"/>
	<SubTexture name="BF NOTE LEFT MISS0009" x="2391" y="968" width="363" height="430" frameX="-29" frameY="0" frameWidth="405" frameHeight="432"/>
	<SubTexture name="BF NOTE LEFT MISS0010" x="2391" y="968" width="363" height="430" frameX="-29" frameY="0" frameWidth="405" frameHeight="432"/>
	<SubTexture name="BF NOTE LEFT MISS0011" x="2391" y="968" width="363" height="430" frameX="-29" frameY="0" frameWidth="405" frameHeight="432"/>
	<SubTexture name="BF NOTE LEFT MISS0012" x="2391" y="968" width="363" height="430" frameX="-29" frameY="0" frameWidth="405" frameHeight="432"/>
	<SubTexture name="BF NOTE LEFT MISS0013" x="2391" y="968" width="363" height="430" frameX="-29" frameY="0" frameWidth="405" frameHeight="432"/>
	<SubTexture name="BF NOTE LEFT MISS0014" x="2391" y="968" width="363" height="430" frameX="-29" frameY="0" frameWidth="405" frameHeight="432"/>
	<SubTexture name="BF NOTE LEFT MISS0015" x="2391" y="968" width="363" height="430" frameX="-29" frameY="0" frameWidth="405" frameHeight="432"/>
	<SubTexture name="BF NOTE LEFT MISS0016" x="2391" y="968" width="363" height="430" frameX="-29" frameY="0" frameWidth="405" frameHeight="432"/>
	<SubTexture name="BF NOTE LEFT MISS0017" x="2391" y="968" width="363" height="430" frameX="-29" frameY="0" frameWidth="405" frameHeight="432"/>
	<SubTexture name="BF NOTE LEFT MISS0018" x="2391" y="968" width="363" height="430" frameX="-29" frameY="0" frameWidth="405" frameHeight="432"/>
	<SubTexture name="BF NOTE LEFT MISS0019" x="2391" y="968" width="363" height="430" frameX="-29" frameY="0" frameWidth="405" frameHeight="432"/>
	<SubTexture name="BF NOTE LEFT MISS0020" x="2391" y="968" width="363" height="430" frameX="-29" frameY="0" frameWidth="405" frameHeight="432"/>
	<SubTexture name="BF NOTE LEFT MISS0021" x="2391" y="968" width="363" height="430" frameX="-29" frameY="0" frameWidth="405" frameHeight="432"/>
	<SubTexture name="BF NOTE LEFT MISS0022" x="2391" y="968" width="363" height="430" frameX="-29" frameY="0" frameWidth="405" frameHeight="432"/>
	<SubTexture name="BF NOTE LEFT MISS0023" x="2391" y="968" width="363" height="430" frameX="-29" frameY="0" frameWidth="405" frameHeight="432"/>
	<SubTexture name="BF NOTE LEFT MISS0024" x="2391" y="968" width="363" height="430" frameX="-29" frameY="0" frameWidth="405" frameHeight="432"/>
	<SubTexture name="BF NOTE LEFT MISS0025" x="2391" y="968" width="363" height="430" frameX="-29" frameY="0" frameWidth="405" frameHeight="432"/>
	<SubTexture name="BF NOTE LEFT MISS0026" x="2391" y="968" width="363" height="430" frameX="-29" frameY="0" frameWidth="405" frameHeight="432"/>
	<SubTexture name="BF NOTE LEFT MISS0027" x="2391" y="968" width="363" height="430" frameX="-29" frameY="0" frameWidth="405" frameHeight="432"/>
	<SubTexture name="BF NOTE LEFT MISS0028" x="2391" y="968" width="363" height="430" frameX="-29" frameY="0" frameWidth="405" frameHeight="432"/>
	<SubTexture name="BF NOTE LEFT MISS0029" x="2391" y="968" width="363" height="430" frameX="-29" frameY="0" frameWidth="405" frameHeight="432"/>
	<SubTexture name="BF NOTE LEFT MISS0030" x="2391" y="968" width="363" height="430" frameX="-29" frameY="0" frameWidth="405" frameHeight="432"/>
	<SubTexture name="BF NOTE LEFT MISS0031" x="2391" y="968" width="363" height="430" frameX="-29" frameY="0" frameWidth="405" frameHeight="432"/>
	<SubTexture name="BF NOTE LEFT MISS0032" x="2391" y="968" width="363" height="430" frameX="-29" frameY="0" frameWidth="405" frameHeight="432"/>
	<SubTexture name="BF NOTE LEFT MISS0033" x="2391" y="968" width="363" height="430" frameX="-29" frameY="0" frameWidth="405" frameHeight="432"/>
	<SubTexture name="BF NOTE RIGHT0000" x="2754" y="968" width="411" height="405" pivotX="-344.85" pivotY="195.7" frameX="-1" frameY="-2" frameWidth="415" frameHeight="407"/>
	<SubTexture name="BF NOTE RIGHT0001" x="2754" y="968" width="411" height="405" frameX="-1" frameY="-2" frameWidth="415" frameHeight="407"/>
	<SubTexture name="BF NOTE RIGHT0002" x="3165" y="968" width="415" height="407"/>
	<SubTexture name="BF NOTE RIGHT0003" x="3165" y="968" width="415" height="407"/>
	<SubTexture name="BF NOTE RIGHT0004" x="3165" y="968" width="415" height="407"/>
	<SubTexture name="BF NOTE RIGHT0005" x="3165" y="968" width="415" height="407"/>
	<SubTexture name="BF NOTE RIGHT0006" x="3165" y="968" width="415" height="407"/>
	<SubTexture name="BF NOTE RIGHT0007" x="3165" y="968" width="415" height="407"/>
	<SubTexture name="BF NOTE RIGHT0008" x="3165" y="968" width="415" height="407"/>
	<SubTexture name="BF NOTE RIGHT0009" x="3165" y="968" width="415" height="407"/>
	<SubTexture name="BF NOTE RIGHT0010" x="3165" y="968" width="415" height="407"/>
	<SubTexture name="BF NOTE RIGHT0011" x="3165" y="968" width="415" height="407"/>
	<SubTexture name="BF NOTE RIGHT0012" x="3165" y="968" width="415" height="407"/>
	<SubTexture name="BF NOTE RIGHT0013" x="3165" y="968" width="415" height="407"/>
	<SubTexture name="BF NOTE RIGHT0014" x="3165" y="968" width="415" height="407"/>
	<SubTexture name="BF NOTE RIGHT0015" x="3165" y="968" width="415" height="407"/>
	<SubTexture name="BF NOTE RIGHT0016" x="3165" y="968" width="415" height="407"/>
	<SubTexture name="BF NOTE RIGHT0017" x="3165" y="968" width="415" height="407"/>
	<SubTexture name="BF NOTE RIGHT0018" x="3165" y="968" width="415" height="407"/>
	<SubTexture name="BF NOTE RIGHT0019" x="3165" y="968" width="415" height="407"/>
	<SubTexture name="BF NOTE RIGHT0020" x="3165" y="968" width="415" height="407"/>
	<SubTexture name="BF NOTE RIGHT0021" x="3165" y="968" width="415" height="407"/>
	<SubTexture name="BF NOTE RIGHT0022" x="3165" y="968" width="415" height="407"/>
	<SubTexture name="BF NOTE RIGHT0023" x="3165" y="968" width="415" height="407"/>
	<SubTexture name="BF NOTE RIGHT0024" x="3165" y="968" width="415" height="407"/>
	<SubTexture name="BF NOTE RIGHT0025" x="3165" y="968" width="415" height="407"/>
	<SubTexture name="BF NOTE RIGHT0026" x="3165" y="968" width="415" height="407"/>
	<SubTexture name="BF NOTE RIGHT0027" x="3165" y="968" width="415" height="407"/>
	<SubTexture name="BF NOTE RIGHT0028" x="3165" y="968" width="415" height="407"/>
	<SubTexture name="BF NOTE RIGHT0029" x="3165" y="968" width="415" height="407"/>
	<SubTexture name="BF NOTE RIGHT0030" x="3165" y="968" width="415" height="407"/>
	<SubTexture name="BF NOTE RIGHT0031" x="3165" y="968" width="415" height="407"/>
	<SubTexture name="BF NOTE RIGHT0032" x="3165" y="968" width="415" height="407"/>
	<SubTexture name="BF NOTE RIGHT0033" x="3165" y="968" width="415" height="407"/>
	<SubTexture name="BF NOTE RIGHT0034" x="3165" y="968" width="415" height="407"/>
	<SubTexture name="BF NOTE RIGHT0035" x="3165" y="968" width="415" height="407"/>
	<SubTexture name="BF NOTE RIGHT0036" x="3165" y="968" width="415" height="407"/>
	<SubTexture name="BF NOTE RIGHT0037" x="3165" y="968" width="415" height="407"/>
	<SubTexture name="BF NOTE RIGHT0038" x="3165" y="968" width="415" height="407"/>
	<SubTexture name="BF NOTE RIGHT0039" x="3165" y="968" width="415" height="407"/>
	<SubTexture name="BF NOTE RIGHT0040" x="3165" y="968" width="415" height="407"/>
	<SubTexture name="BF NOTE RIGHT0041" x="3165" y="968" width="415" height="407"/>
	<SubTexture name="BF NOTE RIGHT0042" x="3165" y="968" width="415" height="407"/>
	<SubTexture name="BF NOTE RIGHT0043" x="3165" y="968" width="415" height="407"/>
	<SubTexture name="BF NOTE RIGHT0044" x="3165" y="968" width="415" height="407"/>
	<SubTexture name="BF NOTE RIGHT0045" x="3165" y="968" width="415" height="407"/>
	<SubTexture name="BF NOTE RIGHT0046" x="3165" y="968" width="415" height="407"/>
	<SubTexture name="BF NOTE RIGHT0047" x="3165" y="968" width="415" height="407"/>
	<SubTexture name="BF NOTE RIGHT0048" x="3165" y="968" width="415" height="407"/>
	<SubTexture name="BF NOTE RIGHT0049" x="3165" y="968" width="415" height="407"/>
	<SubTexture name="BF NOTE RIGHT0050" x="3165" y="968" width="415" height="407"/>
	<SubTexture name="BF NOTE RIGHT0051" x="3165" y="968" width="415" height="407"/>
	<SubTexture name="BF NOTE RIGHT0052" x="3165" y="968" width="415" height="407"/>
	<SubTexture name="BF NOTE RIGHT0053" x="3165" y="968" width="415" height="407"/>
	<SubTexture name="BF NOTE RIGHT0054" x="3165" y="968" width="415" height="407"/>
	<SubTexture name="BF NOTE RIGHT0055" x="3165" y="968" width="415" height="407"/>
	<SubTexture name="BF NOTE RIGHT0056" x="3165" y="968" width="415" height="407"/>
	<SubTexture name="BF NOTE RIGHT0057" x="3165" y="968" width="415" height="407"/>
	<SubTexture name="BF NOTE RIGHT0058" x="3165" y="968" width="415" height="407"/>
	<SubTexture name="BF NOTE RIGHT0059" x="3165" y="968" width="415" height="407"/>
	<SubTexture name="BF NOTE RIGHT0060" x="3165" y="968" width="415" height="407"/>
	<SubTexture name="BF NOTE RIGHT0061" x="3165" y="968" width="415" height="407"/>
	<SubTexture name="BF NOTE RIGHT MISS0000" x="2754" y="968" width="411" height="405" pivotX="-344.85" pivotY="195.7" frameX="-19" frameY="-30" frameWidth="415" frameHeight="407"/>
	<SubTexture name="BF NOTE RIGHT MISS0001" x="3580" y="968" width="409" height="426" frameX="0" frameY="0" frameWidth="430" frameHeight="435"/>
	<SubTexture name="BF NOTE RIGHT MISS0002" x="3580" y="968" width="409" height="426" frameX="0" frameY="0" frameWidth="430" frameHeight="435"/>
	<SubTexture name="BF NOTE RIGHT MISS0003" x="3989" y="968" width="411" height="426" frameX="-1" frameY="0" frameWidth="430" frameHeight="435"/>
	<SubTexture name="BF NOTE RIGHT MISS0004" x="3989" y="968" width="411" height="426" frameX="-1" frameY="0" frameWidth="430" frameHeight="435"/>
	<SubTexture name="BF NOTE RIGHT MISS0005" x="3989" y="968" width="411" height="426" frameX="-1" frameY="0" frameWidth="430" frameHeight="435"/>
	<SubTexture name="BF NOTE RIGHT MISS0006" x="3989" y="968" width="411" height="426" frameX="-1" frameY="0" frameWidth="430" frameHeight="435"/>
	<SubTexture name="BF NOTE RIGHT MISS0007" x="3989" y="968" width="411" height="426" frameX="-1" frameY="0" frameWidth="430" frameHeight="435"/>
	<SubTexture name="BF NOTE RIGHT MISS0008" x="3989" y="968" width="411" height="426" frameX="-1" frameY="0" frameWidth="430" frameHeight="435"/>
	<SubTexture name="BF NOTE RIGHT MISS0009" x="3989" y="968" width="411" height="426" frameX="-1" frameY="0" frameWidth="430" frameHeight="435"/>
	<SubTexture name="BF NOTE RIGHT MISS0010" x="3989" y="968" width="411" height="426" frameX="-1" frameY="0" frameWidth="430" frameHeight="435"/>
	<SubTexture name="BF NOTE RIGHT MISS0011" x="3989" y="968" width="411" height="426" frameX="-1" frameY="0" frameWidth="430" frameHeight="435"/>
	<SubTexture name="BF NOTE RIGHT MISS0012" x="3989" y="968" width="411" height="426" frameX="-1" frameY="0" frameWidth="430" frameHeight="435"/>
	<SubTexture name="BF NOTE RIGHT MISS0013" x="3989" y="968" width="411" height="426" frameX="-1" frameY="0" frameWidth="430" frameHeight="435"/>
	<SubTexture name="BF NOTE RIGHT MISS0014" x="3989" y="968" width="411" height="426" frameX="-1" frameY="0" frameWidth="430" frameHeight="435"/>
	<SubTexture name="BF NOTE RIGHT MISS0015" x="3989" y="968" width="411" height="426" frameX="-1" frameY="0" frameWidth="430" frameHeight="435"/>
	<SubTexture name="BF NOTE RIGHT MISS0016" x="3989" y="968" width="411" height="426" frameX="-1" frameY="0" frameWidth="430" frameHeight="435"/>
	<SubTexture name="BF NOTE RIGHT MISS0017" x="3989" y="968" width="411" height="426" frameX="-1" frameY="0" frameWidth="430" frameHeight="435"/>
	<SubTexture name="BF NOTE RIGHT MISS0018" x="3989" y="968" width="411" height="426" frameX="-1" frameY="0" frameWidth="430" frameHeight="435"/>
	<SubTexture name="BF NOTE RIGHT MISS0019" x="3989" y="968" width="411" height="426" frameX="-1" frameY="0" frameWidth="430" frameHeight="435"/>
	<SubTexture name="BF NOTE RIGHT MISS0020" x="3989" y="968" width="411" height="426" frameX="-1" frameY="0" frameWidth="430" frameHeight="435"/>
	<SubTexture name="BF NOTE RIGHT MISS0021" x="3989" y="968" width="411" height="426" frameX="-1" frameY="0" frameWidth="430" frameHeight="435"/>
	<SubTexture name="BF NOTE RIGHT MISS0022" x="3989" y="968" width="411" height="426" frameX="-1" frameY="0" frameWidth="430" frameHeight="435"/>
	<SubTexture name="BF NOTE RIGHT MISS0023" x="3989" y="968" width="411" height="426" frameX="-1" frameY="0" frameWidth="430" frameHeight="435"/>
	<SubTexture name="BF NOTE RIGHT MISS0024" x="3989" y="968" width="411" height="426" frameX="-1" frameY="0" frameWidth="430" frameHeight="435"/>
	<SubTexture name="BF NOTE RIGHT MISS0025" x="3989" y="968" width="411" height="426" frameX="-1" frameY="0" frameWidth="430" frameHeight="435"/>
	<SubTexture name="BF NOTE RIGHT MISS0026" x="3989" y="968" width="411" height="426" frameX="-1" frameY="0" frameWidth="430" frameHeight="435"/>
	<SubTexture name="BF NOTE RIGHT MISS0027" x="3989" y="968" width="411" height="426" frameX="-1" frameY="0" frameWidth="430" frameHeight="435"/>
	<SubTexture name="BF NOTE RIGHT MISS0028" x="3989" y="968" width="411" height="426" frameX="-1" frameY="0" frameWidth="430" frameHeight="435"/>
	<SubTexture name="BF NOTE RIGHT MISS0029" x="3989" y="968" width="411" height="426" frameX="-1" frameY="0" frameWidth="430" frameHeight="435"/>
	<SubTexture name="BF NOTE RIGHT MISS0030" x="3989" y="968" width="411" height="426" frameX="-1" frameY="0" frameWidth="430" frameHeight="435"/>
	<SubTexture name="BF NOTE RIGHT MISS0031" x="3989" y="968" width="411" height="426" frameX="-1" frameY="0" frameWidth="430" frameHeight="435"/>
	<SubTexture name="BF NOTE RIGHT MISS0032" x="3989" y="968" width="411" height="426" frameX="-1" frameY="0" frameWidth="430" frameHeight="435"/>
	<SubTexture name="BF NOTE RIGHT MISS0033" x="3989" y="968" width="411" height="426" frameX="-1" frameY="0" frameWidth="430" frameHeight="435"/>
	<SubTexture name="BF NOTE RIGHT MISS0034" x="3989" y="968" width="411" height="426" frameX="-1" frameY="0" frameWidth="430" frameHeight="435"/>
	<SubTexture name="BF NOTE RIGHT MISS0035" x="3989" y="968" width="411" height="426" frameX="-1" frameY="0" frameWidth="430" frameHeight="435"/>
	<SubTexture name="BF NOTE RIGHT MISS0036" x="3989" y="968" width="411" height="426" frameX="-1" frameY="0" frameWidth="430" frameHeight="435"/>
	<SubTexture name="BF NOTE RIGHT MISS0037" x="3989" y="968" width="411" height="426" frameX="-1" frameY="0" frameWidth="430" frameHeight="435"/>
	<SubTexture name="BF NOTE RIGHT MISS0038" x="3989" y="968" width="411" height="426" frameX="-1" frameY="0" frameWidth="430" frameHeight="435"/>
	<SubTexture name="BF NOTE RIGHT MISS0039" x="3989" y="968" width="411" height="426" frameX="-1" frameY="0" frameWidth="430" frameHeight="435"/>
	<SubTexture name="BF NOTE RIGHT MISS0040" x="3989" y="968" width="411" height="426" frameX="-1" frameY="0" frameWidth="430" frameHeight="435"/>
	<SubTexture name="BF NOTE RIGHT MISS0041" x="3989" y="968" width="411" height="426" frameX="-1" frameY="0" frameWidth="430" frameHeight="435"/>
	<SubTexture name="BF NOTE RIGHT MISS0042" x="3989" y="968" width="411" height="426" frameX="-1" frameY="0" frameWidth="430" frameHeight="435"/>
	<SubTexture name="BF NOTE RIGHT MISS0043" x="3989" y="968" width="411" height="426" frameX="-1" frameY="0" frameWidth="430" frameHeight="435"/>
	<SubTexture name="BF NOTE RIGHT MISS0044" x="3989" y="968" width="411" height="426" frameX="-1" frameY="0" frameWidth="430" frameHeight="435"/>
	<SubTexture name="BF NOTE RIGHT MISS0045" x="3989" y="968" width="411" height="426" frameX="-1" frameY="0" frameWidth="430" frameHeight="435"/>
	<SubTexture name="BF NOTE UP0000" x="4400" y="968" width="413" height="446" pivotX="-40.6" pivotY="-36.45" frameX="-2" frameY="0" frameWidth="415" frameHeight="446"/>
	<SubTexture name="BF NOTE UP0001" x="4400" y="968" width="413" height="446" frameX="-2" frameY="0" frameWidth="415" frameHeight="446"/>
	<SubTexture name="BF NOTE UP0002" x="4813" y="968" width="414" height="441" frameX="0" frameY="-5" frameWidth="415" frameHeight="446"/>
	<SubTexture name="BF NOTE UP0003" x="4813" y="968" width="414" height="441" frameX="0" frameY="-5" frameWidth="415" frameHeight="446"/>
	<SubTexture name="BF NOTE UP0004" x="4813" y="968" width="414" height="441" frameX="0" frameY="-5" frameWidth="415" frameHeight="446"/>
	<SubTexture name="BF NOTE UP0005" x="4813" y="968" width="414" height="441" frameX="0" frameY="-5" frameWidth="415" frameHeight="446"/>
	<SubTexture name="BF NOTE UP0006" x="4813" y="968" width="414" height="441" frameX="0" frameY="-5" frameWidth="415" frameHeight="446"/>
	<SubTexture name="BF NOTE UP0007" x="4813" y="968" width="414" height="441" frameX="0" frameY="-5" frameWidth="415" frameHeight="446"/>
	<SubTexture name="BF NOTE UP0008" x="4813" y="968" width="414" height="441" frameX="0" frameY="-5" frameWidth="415" frameHeight="446"/>
	<SubTexture name="BF NOTE UP0009" x="4813" y="968" width="414" height="441" frameX="0" frameY="-5" frameWidth="415" frameHeight="446"/>
	<SubTexture name="BF NOTE UP0010" x="4813" y="968" width="414" height="441" frameX="0" frameY="-5" frameWidth="415" frameHeight="446"/>
	<SubTexture name="BF NOTE UP0011" x="4813" y="968" width="414" height="441" frameX="0" frameY="-5" frameWidth="415" frameHeight="446"/>
	<SubTexture name="BF NOTE UP0012" x="4813" y="968" width="414" height="441" frameX="0" frameY="-5" frameWidth="415" frameHeight="446"/>
	<SubTexture name="BF NOTE UP0013" x="4813" y="968" width="414" height="441" frameX="0" frameY="-5" frameWidth="415" frameHeight="446"/>
	<SubTexture name="BF NOTE UP0014" x="4813" y="968" width="414" height="441" frameX="0" frameY="-5" frameWidth="415" frameHeight="446"/>
	<SubTexture name="BF NOTE UP MISS0000" x="4400" y="968" width="413" height="446" pivotX="-40.6" pivotY="-36.45" frameX="-5" frameY="-25" frameWidth="415" frameHeight="446"/>
	<SubTexture name="BF NOTE UP MISS0001" x="5227" y="968" width="418" height="477" frameX="0" frameY="-3" frameWidth="418" frameHeight="481"/>
	<SubTexture name="BF NOTE UP MISS0002" x="5227" y="968" width="418" height="477" frameX="0" frameY="-3" frameWidth="418" frameHeight="481"/>
	<SubTexture name="BF NOTE UP MISS0003" x="5645" y="968" width="414" height="481" frameX="-1" frameY="0" frameWidth="418" frameHeight="481"/>
	<SubTexture name="BF NOTE UP MISS0004" x="5645" y="968" width="414" height="481" frameX="-1" frameY="0" frameWidth="418" frameHeight="481"/>
	<SubTexture name="BF NOTE UP MISS0005" x="5645" y="968" width="414" height="481" frameX="-1" frameY="0" frameWidth="418" frameHeight="481"/>
	<SubTexture name="BF NOTE UP MISS0006" x="5645" y="968" width="414" height="481" frameX="-1" frameY="0" frameWidth="418" frameHeight="481"/>
	<SubTexture name="BF NOTE UP MISS0007" x="5645" y="968" width="414" height="481" frameX="-1" frameY="0" frameWidth="418" frameHeight="481"/>
	<SubTexture name="BF NOTE UP MISS0008" x="5645" y="968" width="414" height="481" frameX="-1" frameY="0" frameWidth="418" frameHeight="481"/>
	<SubTexture name="BF NOTE UP MISS0009" x="5645" y="968" width="414" height="481" frameX="-1" frameY="0" frameWidth="418" frameHeight="481"/>
	<SubTexture name="BF NOTE UP MISS0010" x="5645" y="968" width="414" height="481" frameX="-1" frameY="0" frameWidth="418" frameHeight="481"/>
	<SubTexture name="BF NOTE UP MISS0011" x="5645" y="968" width="414" height="481" frameX="-1" frameY="0" frameWidth="418" frameHeight="481"/>
	<SubTexture name="BF NOTE UP MISS0012" x="5645" y="968" width="414" height="481" frameX="-1" frameY="0" frameWidth="418" frameHeight="481"/>
	<SubTexture name="BF NOTE UP MISS0013" x="5645" y="968" width="414" height="481" frameX="-1" frameY="0" frameWidth="418" frameHeight="481"/>
	<SubTexture name="BF NOTE UP MISS0014" x="5645" y="968" width="414" height="481" frameX="-1" frameY="0" frameWidth="418" frameHeight="481"/>
	<SubTexture name="BF NOTE UP MISS0015" x="5645" y="968" width="414" height="481" frameX="-1" frameY="0" frameWidth="418" frameHeight="481"/>
	<SubTexture name="BF NOTE UP MISS0016" x="5645" y="968" width="414" height="481" frameX="-1" frameY="0" frameWidth="418" frameHeight="481"/>
	<SubTexture name="BF NOTE UP MISS0017" x="5645" y="968" width="414" height="481" frameX="-1" frameY="0" frameWidth="418" frameHeight="481"/>
	<SubTexture name="BF NOTE UP MISS0018" x="5645" y="968" width="414" height="481" frameX="-1" frameY="0" frameWidth="418" frameHeight="481"/>
	<SubTexture name="BF NOTE UP MISS0019" x="5645" y="968" width="414" height="481" frameX="-1" frameY="0" frameWidth="418" frameHeight="481"/>
	<SubTexture name="BF NOTE UP MISS0020" x="5645" y="968" width="414" height="481" frameX="-1" frameY="0" frameWidth="418" frameHeight="481"/>
	<SubTexture name="BF NOTE UP MISS0021" x="5645" y="968" width="414" height="481" frameX="-1" frameY="0" frameWidth="418" frameHeight="481"/>
	<SubTexture name="BF NOTE UP MISS0022" x="5645" y="968" width="414" height="481" frameX="-1" frameY="0" frameWidth="418" frameHeight="481"/>
	<SubTexture name="BF NOTE UP MISS0023" x="5645" y="968" width="414" height="481" frameX="-1" frameY="0" frameWidth="418" frameHeight="481"/>
	<SubTexture name="BF dies0000" x="6059" y="968" width="447" height="415" pivotX="-35.7" pivotY="-992.05" frameX="-1" frameY="0" frameWidth="457" frameHeight="531"/>
	<SubTexture name="BF dies0001" x="6506" y="968" width="447" height="415" frameX="-1" frameY="0" frameWidth="457" frameHeight="531"/>
	<SubTexture name="BF dies0002" x="6953" y="968" width="444" height="412" frameX="0" frameY="-6" frameWidth="457" frameHeight="531"/>
	<SubTexture name="BF dies0003" x="7397" y="968" width="444" height="412" frameX="0" frameY="-6" frameWidth="457" frameHeight="531"/>
	<SubTexture name="BF dies0004" x="0" y="1449" width="444" height="412" frameX="0" frameY="-6" frameWidth="457" frameHeight="531"/>
	<SubTexture name="BF dies0005" x="444" y="1449" width="444" height="412" frameX="0" frameY="-6" frameWidth="457" frameHeight="531"/>
	<SubTexture name="BF dies0006" x="888" y="1449" width="444" height="412" frameX="0" frameY="-6" frameWidth="457" frameHeight="531"/>
	<SubTexture name="BF dies0007" x="888" y="1449" width="444" height="412" frameX="0" frameY="-6" frameWidth="457" frameHeight="531"/>
	<SubTexture name="BF dies0008" x="888" y="1449" width="444" height="412" frameX="0" frameY="-6" frameWidth="457" frameHeight="531"/>
	<SubTexture name="BF dies0009" x="888" y="1449" width="444" height="412" frameX="0" frameY="-6" frameWidth="457" frameHeight="531"/>
	<SubTexture name="BF dies0010" x="888" y="1449" width="444" height="412" frameX="0" frameY="-6" frameWidth="457" frameHeight="531"/>
	<SubTexture name="BF dies0011" x="888" y="1449" width="444" height="412" frameX="0" frameY="-6" frameWidth="457" frameHeight="531"/>
	<SubTexture name="BF dies0012" x="888" y="1449" width="444" height="412" frameX="0" frameY="-6" frameWidth="457" frameHeight="531"/>
	<SubTexture name="BF dies0013" x="888" y="1449" width="444" height="412" frameX="0" frameY="-6" frameWidth="457" frameHeight="531"/>
	<SubTexture name="BF dies0014" x="888" y="1449" width="444" height="412" frameX="0" frameY="-6" frameWidth="457" frameHeight="531"/>
	<SubTexture name="BF dies0015" x="1332" y="1449" width="443" height="412" frameX="0" frameY="-6" frameWidth="457" frameHeight="531"/>
	<SubTexture name="BF dies0016" x="1332" y="1449" width="443" height="412" frameX="0" frameY="-6" frameWidth="457" frameHeight="531"/>
	<SubTexture name="BF dies0017" x="1332" y="1449" width="443" height="412" frameX="0" frameY="-6" frameWidth="457" frameHeight="531"/>
	<SubTexture name="BF dies0018" x="1775" y="1449" width="440" height="412" frameX="0" frameY="-6" frameWidth="457" frameHeight="531"/>
	<SubTexture name="BF dies0019" x="1775" y="1449" width="440" height="412" frameX="0" frameY="-6" frameWidth="457" frameHeight="531"/>
	<SubTexture name="BF dies0020" x="2215" y="1449" width="439" height="412" frameX="0" frameY="-6" frameWidth="457" frameHeight="531"/>
	<SubTexture name="BF dies0021" x="2215" y="1449" width="439" height="412" frameX="0" frameY="-6" frameWidth="457" frameHeight="531"/>
	<SubTexture name="BF dies0022" x="2654" y="1449" width="439" height="423" frameX="0" frameY="-6" frameWidth="457" frameHeight="531"/>
	<SubTexture name="BF dies0023" x="2654" y="1449" width="439" height="423" frameX="0" frameY="-6" frameWidth="457" frameHeight="531"/>
	<SubTexture name="BF dies0024" x="3093" y="1449" width="439" height="525" frameX="0" frameY="-6" frameWidth="457" frameHeight="531"/>
	<SubTexture name="BF dies0025" x="3532" y="1449" width="454" height="457" frameX="0" frameY="-6" frameWidth="457" frameHeight="531"/>
	<SubTexture name="BF dies0026" x="3532" y="1449" width="454" height="457" frameX="0" frameY="-6" frameWidth="457" frameHeight="531"/>
	<SubTexture name="BF dies0027" x="3986" y="1449" width="455" height="434" frameX="0" frameY="-6" frameWidth="457" frameHeight="531"/>
	<SubTexture name="BF dies0028" x="3986" y="1449" width="455" height="434" frameX="0" frameY="-6" frameWidth="457" frameHeight="531"/>
	<SubTexture name="BF dies0029" x="4441" y="1449" width="457" height="438" frameX="0" frameY="-6" frameWidth="457" frameHeight="531"/>
	<SubTexture name="BF dies0030" x="4441" y="1449" width="457" height="438" frameX="0" frameY="-6" frameWidth="457" frameHeight="531"/>
	<SubTexture name="BF dies0031" x="4898" y="1449" width="457" height="435" frameX="0" frameY="-6" frameWidth="457" frameHeight="531"/>
	<SubTexture name="BF dies0032" x="4898" y="1449" width="457" height="435" frameX="0" frameY="-6" frameWidth="457" frameHeight="531"/>
	<SubTexture name="BF dies0033" x="4898" y="1449" width="457" height="435" frameX="0" frameY="-6" frameWidth="457" frameHeight="531"/>
	<SubTexture name="BF dies0034" x="4898" y="1449" width="457" height="435" frameX="0" frameY="-6" frameWidth="457" frameHeight="531"/>
	<SubTexture name="BF dies0035" x="5355" y="1449" width="457" height="435" frameX="0" frameY="-6" frameWidth="457" frameHeight="531"/>
	<SubTexture name="BF dies0036" x="5812" y="1449" width="457" height="435" frameX="0" frameY="-6" frameWidth="457" frameHeight="531"/>
	<SubTexture name="BF dies0037" x="6269" y="1449" width="457" height="435" frameX="0" frameY="-6" frameWidth="457" frameHeight="531"/>
	<SubTexture name="BF dies0038" x="6726" y="1449" width="457" height="435" frameX="0" frameY="-6" frameWidth="457" frameHeight="531"/>
	<SubTexture name="BF dies0039" x="7183" y="1449" width="457" height="435" frameX="0" frameY="-6" frameWidth="457" frameHeight="531"/>
	<SubTexture name="BF dies0040" x="7640" y="1449" width="457" height="435" frameX="0" frameY="-6" frameWidth="457" frameHeight="531"/>
	<SubTexture name="BF dies0041" x="0" y="1974" width="457" height="435" frameX="0" frameY="-6" frameWidth="457" frameHeight="531"/>
	<SubTexture name="BF dies0042" x="457" y="1974" width="457" height="435" frameX="0" frameY="-6" frameWidth="457" frameHeight="531"/>
	<SubTexture name="BF dies0043" x="914" y="1974" width="457" height="435" frameX="0" frameY="-6" frameWidth="457" frameHeight="531"/>
	<SubTexture name="BF dies0044" x="1371" y="1974" width="457" height="435" frameX="0" frameY="-6" frameWidth="457" frameHeight="531"/>
	<SubTexture name="BF dies0045" x="1828" y="1974" width="457" height="435" frameX="0" frameY="-6" frameWidth="457" frameHeight="531"/>
	<SubTexture name="BF dies0046" x="2285" y="1974" width="457" height="435" frameX="0" frameY="-6" frameWidth="457" frameHeight="531"/>
	<SubTexture name="BF dies0047" x="2742" y="1974" width="457" height="435" frameX="0" frameY="-6" frameWidth="457" frameHeight="531"/>
	<SubTexture name="BF dies0048" x="3199" y="1974" width="457" height="435" frameX="0" frameY="-6" frameWidth="457" frameHeight="531"/>
	<SubTexture name="BF dies0049" x="3656" y="1974" width="457" height="435" frameX="0" frameY="-6" frameWidth="457" frameHeight="531"/>
	<SubTexture name="BF dies0050" x="4113" y="1974" width="457" height="435" frameX="0" frameY="-6" frameWidth="457" frameHeight="531"/>
	<SubTexture name="BF dies0051" x="4570" y="1974" width="457" height="435" frameX="0" frameY="-6" frameWidth="457" frameHeight="531"/>
	<SubTexture name="BF dies0052" x="5027" y="1974" width="457" height="435" frameX="0" frameY="-6" frameWidth="457" frameHeight="531"/>
	<SubTexture name="BF dies0053" x="0" y="0" width="457" height="435" frameX="0" frameY="-6" frameWidth="457" frameHeight="435"/>
	<SubTexture name="BF dies0054" x="5484" y="1974" width="457" height="435" frameX="0" frameY="-6" frameWidth="457" frameHeight="531"/>
	<SubTexture name="BF dies0055" x="5484" y="1974" width="457" height="435" frameX="0" frameY="-6" frameWidth="457" frameHeight="531"/>
	<SubTexture name="BF dies0056" x="5484" y="1974" width="457" height="435" frameX="0" frameY="-6" frameWidth="457" frameHeight="531"/>
	<SubTexture name="BF dies0057" x="5484" y="1974" width="457" height="435" frameX="0" frameY="-6" frameWidth="457" frameHeight="531"/>
	<SubTexture name="BF hit0000" x="5941" y="1974" width="429" height="425" pivotX="-213.3" pivotY="101.5" frameX="0" frameY="-16" frameWidth="451" frameHeight="441"/>
	<SubTexture name="BF hit0001" x="6370" y="1974" width="422" height="441" frameX="-7" frameY="0" frameWidth="451" frameHeight="441"/>
	<SubTexture name="BF hit0002" x="6792" y="1974" width="392" height="393" frameX="-59" frameY="-38" frameWidth="451" frameHeight="441"/>
	<SubTexture name="BF hit0003" x="7184" y="1974" width="392" height="393" frameX="-59" frameY="-38" frameWidth="451" frameHeight="441"/>
	<SubTexture name="BF hit0004" x="7576" y="1974" width="378" height="392" frameX="-58" frameY="-39" frameWidth="451" frameHeight="441"/>
	<SubTexture name="BF hit0005" x="0" y="2415" width="378" height="392" frameX="-58" frameY="-39" frameWidth="451" frameHeight="441"/>
	<SubTexture name="BF hit0006" x="378" y="2415" width="392" height="392" frameX="-47" frameY="-39" frameWidth="451" frameHeight="441"/>
	<SubTexture name="BF hit0007" x="770" y="2415" width="392" height="392" frameX="-47" frameY="-39" frameWidth="451" frameHeight="441"/>
	<SubTexture name="BF hit0008" x="378" y="2415" width="392" height="392" frameX="-47" frameY="-39" frameWidth="451" frameHeight="441"/>
	<SubTexture name="BF hit0009" x="770" y="2415" width="392" height="392" frameX="-47" frameY="-39" frameWidth="451" frameHeight="441"/>
	<SubTexture name="BF hit0010" x="378" y="2415" width="392" height="392" frameX="-47" frameY="-39" frameWidth="451" frameHeight="441"/>
	<SubTexture name="BF hit0011" x="770" y="2415" width="392" height="392" frameX="-47" frameY="-39" frameWidth="451" frameHeight="441"/>
	<SubTexture name="BF hit0012" x="378" y="2415" width="392" height="392" frameX="-47" frameY="-39" frameWidth="451" frameHeight="441"/>
	<SubTexture name="BF hit0013" x="770" y="2415" width="392" height="392" frameX="-47" frameY="-39" frameWidth="451" frameHeight="441"/>
	<SubTexture name="BF hit0014" x="378" y="2415" width="392" height="392" frameX="-47" frameY="-39" frameWidth="451" frameHeight="441"/>
	<SubTexture name="BF hit0015" x="770" y="2415" width="392" height="392" frameX="-47" frameY="-39" frameWidth="451" frameHeight="441"/>
	<SubTexture name="BF hit0016" x="378" y="2415" width="392" height="392" frameX="-47" frameY="-39" frameWidth="451" frameHeight="441"/>
	<SubTexture name="BF hit0017" x="770" y="2415" width="392" height="392" frameX="-47" frameY="-39" frameWidth="451" frameHeight="441"/>
	<SubTexture name="BF hit0018" x="378" y="2415" width="392" height="392" frameX="-47" frameY="-39" frameWidth="451" frameHeight="441"/>
	<SubTexture name="BF idle dance0000" x="1162" y="2415" width="418" height="392" pivotX="-299.8" pivotY="201.6" frameX="-1" frameY="-20" frameWidth="422" frameHeight="412"/>
	<SubTexture name="BF idle dance0001" x="1162" y="2415" width="418" height="392" frameX="-1" frameY="-20" frameWidth="422" frameHeight="412"/>
	<SubTexture name="BF idle dance0002" x="1580" y="2415" width="419" height="393" frameX="0" frameY="-19" frameWidth="422" frameHeight="412"/>
	<SubTexture name="BF idle dance0003" x="1580" y="2415" width="419" height="393" frameX="0" frameY="-19" frameWidth="422" frameHeight="412"/>
	<SubTexture name="BF idle dance0004" x="1999" y="2415" width="419" height="398" frameX="-3" frameY="-14" frameWidth="422" frameHeight="412"/>
	<SubTexture name="BF idle dance0005" x="1999" y="2415" width="419" height="398" frameX="-3" frameY="-14" frameWidth="422" frameHeight="412"/>
	<SubTexture name="BF idle dance0006" x="2418" y="2415" width="420" height="411" frameX="-1" frameY="-1" frameWidth="422" frameHeight="412"/>
	<SubTexture name="BF idle dance0007" x="2418" y="2415" width="420" height="411" frameX="-1" frameY="-1" frameWidth="422" frameHeight="412"/>
	<SubTexture name="BF idle dance0008" x="2838" y="2415" width="420" height="412" frameX="-2" frameY="0" frameWidth="422" frameHeight="412"/>
	<SubTexture name="BF idle dance0009" x="2838" y="2415" width="420" height="412" frameX="-2" frameY="0" frameWidth="422" frameHeight="412"/>
	<SubTexture name="BF idle dance0010" x="2838" y="2415" width="420" height="412" frameX="-2" frameY="0" frameWidth="422" frameHeight="412"/>
	<SubTexture name="BF idle dance0011" x="2838" y="2415" width="420" height="412" frameX="-2" frameY="0" frameWidth="422" frameHeight="412"/>
	<SubTexture name="BF idle dance0012" x="2838" y="2415" width="420" height="412" frameX="-2" frameY="0" frameWidth="422" frameHeight="412"/>
	<SubTexture name="BF idle dance0013" x="2838" y="2415" width="420" height="412" frameX="-2" frameY="0" frameWidth="422" frameHeight="412"/>
	<SubTexture name="BF idle shaking0000" x="3258" y="2415" width="420" height="412" pivotX="-300.9" pivotY="202.1" frameX="-1" frameY="-1" frameWidth="421" frameHeight="415"/>
	<SubTexture name="BF idle shaking0001" x="3678" y="2415" width="419" height="412" frameX="-2" frameY="-1" frameWidth="421" frameHeight="415"/>
	<SubTexture name="BF idle shaking0002" x="4097" y="2415" width="419" height="415" frameX="-1" frameY="0" frameWidth="421" frameHeight="415"/>
	<SubTexture name="BF idle shaking0003" x="4516" y="2415" width="420" height="413" frameX="0" frameY="0" frameWidth="421" frameHeight="415"/>
	<SubTexture name="bf pre attack0000" x="4936" y="2415" width="520" height="373" pivotX="-1.95" pivotY="1.55" frameX="0" frameY="-1" frameWidth="520" frameHeight="374"/>
	<SubTexture name="bf pre attack0001" x="4936" y="2415" width="520" height="373" frameX="0" frameY="-1" frameWidth="520" frameHeight="374"/>
	<SubTexture name="bf pre attack0002" x="5456" y="2415" width="517" height="374" frameX="-2" frameY="0" frameWidth="520" frameHeight="374"/>
	<SubTexture name="bf pre attack0003" x="5456" y="2415" width="517" height="374" frameX="-2" frameY="0" frameWidth="520" frameHeight="374"/>
	<SubTexture name="bf pre attack0004" x="5973" y="2415" width="517" height="374" frameX="-2" frameY="0" frameWidth="520" frameHeight="374"/>
	<SubTexture name="bf pre attack0005" x="5973" y="2415" width="517" height="374" frameX="-2" frameY="0" frameWidth="520" frameHeight="374"/>
	<SubTexture name="bf pre attack0006" x="5973" y="2415" width="517" height="374" frameX="-2" frameY="0" frameWidth="520" frameHeight="374"/>
	<SubTexture name="bf pre attack0007" x="5973" y="2415" width="517" height="374" frameX="-2" frameY="0" frameWidth="520" frameHeight="374"/>
	<SubTexture name="bf pre attack0008" x="5973" y="2415" width="517" height="374" frameX="-2" frameY="0" frameWidth="520" frameHeight="374"/>
	<SubTexture name="bf pre attack0009" x="5973" y="2415" width="517" height="374" frameX="-2" frameY="0" frameWidth="520" frameHeight="374"/>
	<SubTexture name="bf pre attack0010" x="5973" y="2415" width="517" height="374" frameX="-2" frameY="0" frameWidth="520" frameHeight="374"/>
	<SubTexture name="bf pre attack0011" x="5973" y="2415" width="517" height="374" frameX="-2" frameY="0" frameWidth="520" frameHeight="374"/>
	<SubTexture name="bf pre attack0012" x="5973" y="2415" width="517" height="374" frameX="-2" frameY="0" frameWidth="520" frameHeight="374"/>
	<SubTexture name="bf pre attack0013" x="5973" y="2415" width="517" height="374" frameX="-2" frameY="0" frameWidth="520" frameHeight="374"/>
	<SubTexture name="bf pre attack0014" x="5973" y="2415" width="517" height="374" frameX="-2" frameY="0" frameWidth="520" frameHeight="374"/>
	<SubTexture name="bf pre attack0015" x="5973" y="2415" width="517" height="374" frameX="-2" frameY="0" frameWidth="520" frameHeight="374"/>
	<SubTexture name="bf pre attack0016" x="5973" y="2415" width="517" height="374" frameX="-2" frameY="0" frameWidth="520" frameHeight="374"/>
	<SubTexture name="bf pre attack0017" x="5973" y="2415" width="517" height="374" frameX="-2" frameY="0" frameWidth="520" frameHeight="374"/>
	<SubTexture name="bf pre attack0018" x="5973" y="2415" width="517" height="374" frameX="-2" frameY="0" frameWidth="520" frameHeight="374"/>
	<SubTexture name="bf pre attack0019" x="5973" y="2415" width="517" height="374" frameX="-2" frameY="0" frameWidth="520" frameHeight="374"/>
	<SubTexture name="bf pre attack0020" x="5973" y="2415" width="517" height="374" frameX="-2" frameY="0" frameWidth="520" frameHeight="374"/>
	<SubTexture name="bf pre attack0021" x="5973" y="2415" width="517" height="374" frameX="-2" frameY="0" frameWidth="520" frameHeight="374"/>
	<SubTexture name="bf pre attack0022" x="5973" y="2415" width="517" height="374" frameX="-2" frameY="0" frameWidth="520" frameHeight="374"/>
	<SubTexture name="bf pre attack0023" x="5973" y="2415" width="517" height="374" frameX="-2" frameY="0" frameWidth="520" frameHeight="374"/>
	<SubTexture name="bf pre attack0024" x="5973" y="2415" width="517" height="374" frameX="-2" frameY="0" frameWidth="520" frameHeight="374"/>
	<SubTexture name="bf pre attack0025" x="5973" y="2415" width="517" height="374" frameX="-2" frameY="0" frameWidth="520" frameHeight="374"/>
	<SubTexture name="bf pre attack0026" x="5973" y="2415" width="517" height="374" frameX="-2" frameY="0" frameWidth="520" frameHeight="374"/>
	<SubTexture name="bf pre attack0027" x="5973" y="2415" width="517" height="374" frameX="-2" frameY="0" frameWidth="520" frameHeight="374"/>
	<SubTexture name="bf pre attack0028" x="5973" y="2415" width="517" height="374" frameX="-2" frameY="0" frameWidth="520" frameHeight="374"/>
	<SubTexture name="bf pre attack0029" x="5973" y="2415" width="517" height="374" frameX="-2" frameY="0" frameWidth="520" frameHeight="374"/>
	<SubTexture name="boyfriend attack0000" x="6490" y="2415" width="680" height="597" pivotX="54.45" pivotY="355.9" frameX="0" frameY="-87" frameWidth="718" frameHeight="685"/>
	<SubTexture name="boyfriend attack0001" x="6490" y="2415" width="680" height="597" frameX="0" frameY="-87" frameWidth="718" frameHeight="685"/>
	<SubTexture name="boyfriend attack0002" x="7170" y="2415" width="585" height="660" frameX="-102" frameY="-24" frameWidth="718" frameHeight="685"/>
	<SubTexture name="boyfriend attack0003" x="7170" y="2415" width="585" height="660" frameX="-102" frameY="-24" frameWidth="718" frameHeight="685"/>
	<SubTexture name="boyfriend attack0004" x="7755" y="2415" width="426" height="684" frameX="-263" frameY="0" frameWidth="718" frameHeight="685"/>
	<SubTexture name="boyfriend attack0005" x="7755" y="2415" width="426" height="684" frameX="-263" frameY="0" frameWidth="718" frameHeight="685"/>
	<SubTexture name="boyfriend attack0006" x="0" y="3099" width="511" height="630" frameX="-207" frameY="-55" frameWidth="718" frameHeight="685"/>
</TextureAtlas>
