﻿<?xml version="1.0" encoding="utf-8"?>
<TextureAtlas imagePath="bfChristmas.png">
	<!-- Created with Adobe Animate version 20.5.0.29329 -->
	<!-- http://www.adobe.com/products/animate.html -->
	<SubTexture name="BF HEY!!0000" x="0" y="0" width="415" height="419" pivotX="-298.8" pivotY="206.95" frameX="0" frameY="0" frameWidth="418" frameHeight="421"/>
	<SubTexture name="BF HEY!!0001" x="0" y="0" width="415" height="419" frameX="0" frameY="0" frameWidth="418" frameHeight="421"/>
	<SubTexture name="BF HEY!!0002" x="415" y="0" width="417" height="413" frameX="-1" frameY="-8" frameWidth="418" frameHeight="421"/>
	<SubTexture name="BF HEY!!0003" x="415" y="0" width="417" height="413" frameX="-1" frameY="-8" frameWidth="418" frameHeight="421"/>
	<SubTexture name="BF HEY!!0004" x="832" y="0" width="417" height="415" frameX="-1" frameY="-6" frameWidth="418" frameHeight="421"/>
	<SubTexture name="BF HEY!!0005" x="832" y="0" width="417" height="415" frameX="-1" frameY="-6" frameWidth="418" frameHeight="421"/>
	<SubTexture name="BF HEY!!0006" x="832" y="0" width="417" height="415" frameX="-1" frameY="-6" frameWidth="418" frameHeight="421"/>
	<SubTexture name="BF HEY!!0007" x="832" y="0" width="417" height="415" frameX="-1" frameY="-6" frameWidth="418" frameHeight="421"/>
	<SubTexture name="BF HEY!!0008" x="832" y="0" width="417" height="415" frameX="-1" frameY="-6" frameWidth="418" frameHeight="421"/>
	<SubTexture name="BF HEY!!0009" x="832" y="0" width="417" height="415" frameX="-1" frameY="-6" frameWidth="418" frameHeight="421"/>
	<SubTexture name="BF HEY!!0010" x="832" y="0" width="417" height="415" frameX="-1" frameY="-6" frameWidth="418" frameHeight="421"/>
	<SubTexture name="BF HEY!!0011" x="832" y="0" width="417" height="415" frameX="-1" frameY="-6" frameWidth="418" frameHeight="421"/>
	<SubTexture name="BF HEY!!0012" x="832" y="0" width="417" height="415" frameX="-1" frameY="-6" frameWidth="418" frameHeight="421"/>
	<SubTexture name="BF HEY!!0013" x="832" y="0" width="417" height="415" frameX="-1" frameY="-6" frameWidth="418" frameHeight="421"/>
	<SubTexture name="BF HEY!!0014" x="832" y="0" width="417" height="415" frameX="-1" frameY="-6" frameWidth="418" frameHeight="421"/>
	<SubTexture name="BF HEY!!0015" x="832" y="0" width="417" height="415" frameX="-1" frameY="-6" frameWidth="418" frameHeight="421"/>
	<SubTexture name="BF HEY!!0016" x="832" y="0" width="417" height="415" frameX="-1" frameY="-6" frameWidth="418" frameHeight="421"/>
	<SubTexture name="BF HEY!!0017" x="832" y="0" width="417" height="415" frameX="-1" frameY="-6" frameWidth="418" frameHeight="421"/>
	<SubTexture name="BF HEY!!0018" x="832" y="0" width="417" height="415" frameX="-1" frameY="-6" frameWidth="418" frameHeight="421"/>
	<SubTexture name="BF HEY!!0019" x="832" y="0" width="417" height="415" frameX="-1" frameY="-6" frameWidth="418" frameHeight="421"/>
	<SubTexture name="BF HEY!!0020" x="832" y="0" width="417" height="415" frameX="-1" frameY="-6" frameWidth="418" frameHeight="421"/>
	<SubTexture name="BF HEY!!0021" x="832" y="0" width="417" height="415" frameX="-1" frameY="-6" frameWidth="418" frameHeight="421"/>
	<SubTexture name="BF HEY!!0022" x="832" y="0" width="417" height="415" frameX="-1" frameY="-6" frameWidth="418" frameHeight="421"/>
	<SubTexture name="BF HEY!!0023" x="832" y="0" width="417" height="415" frameX="-1" frameY="-6" frameWidth="418" frameHeight="421"/>
	<SubTexture name="BF HEY!!0024" x="832" y="0" width="417" height="415" frameX="-1" frameY="-6" frameWidth="418" frameHeight="421"/>
	<SubTexture name="BF HEY!!0025" x="832" y="0" width="417" height="415" frameX="-1" frameY="-6" frameWidth="418" frameHeight="421"/>
	<SubTexture name="BF NOTE DOWN0000" x="1249" y="0" width="405" height="364" pivotX="-20.6" pivotY="-12.2" frameX="-5" frameY="-5" frameWidth="410" frameHeight="369"/>
	<SubTexture name="BF NOTE DOWN0001" x="1249" y="0" width="405" height="364" frameX="-5" frameY="-5" frameWidth="410" frameHeight="369"/>
	<SubTexture name="BF NOTE DOWN0002" x="1654" y="0" width="408" height="369" frameX="0" frameY="0" frameWidth="410" frameHeight="369"/>
	<SubTexture name="BF NOTE DOWN0003" x="1654" y="0" width="408" height="369" frameX="0" frameY="0" frameWidth="410" frameHeight="369"/>
	<SubTexture name="BF NOTE DOWN0004" x="1654" y="0" width="408" height="369" frameX="0" frameY="0" frameWidth="410" frameHeight="369"/>
	<SubTexture name="BF NOTE DOWN0005" x="1654" y="0" width="408" height="369" frameX="0" frameY="0" frameWidth="410" frameHeight="369"/>
	<SubTexture name="BF NOTE DOWN0006" x="1654" y="0" width="408" height="369" frameX="0" frameY="0" frameWidth="410" frameHeight="369"/>
	<SubTexture name="BF NOTE DOWN0007" x="1654" y="0" width="408" height="369" frameX="0" frameY="0" frameWidth="410" frameHeight="369"/>
	<SubTexture name="BF NOTE DOWN0008" x="1654" y="0" width="408" height="369" frameX="0" frameY="0" frameWidth="410" frameHeight="369"/>
	<SubTexture name="BF NOTE DOWN0009" x="1654" y="0" width="408" height="369" frameX="0" frameY="0" frameWidth="410" frameHeight="369"/>
	<SubTexture name="BF NOTE DOWN0010" x="1654" y="0" width="408" height="369" frameX="0" frameY="0" frameWidth="410" frameHeight="369"/>
	<SubTexture name="BF NOTE DOWN0011" x="1654" y="0" width="408" height="369" frameX="0" frameY="0" frameWidth="410" frameHeight="369"/>
	<SubTexture name="BF NOTE DOWN0012" x="1654" y="0" width="408" height="369" frameX="0" frameY="0" frameWidth="410" frameHeight="369"/>
	<SubTexture name="BF NOTE DOWN0013" x="1654" y="0" width="408" height="369" frameX="0" frameY="0" frameWidth="410" frameHeight="369"/>
	<SubTexture name="BF NOTE DOWN0014" x="1654" y="0" width="408" height="369" frameX="0" frameY="0" frameWidth="410" frameHeight="369"/>
	<SubTexture name="BF NOTE DOWN0015" x="1654" y="0" width="408" height="369" frameX="0" frameY="0" frameWidth="410" frameHeight="369"/>
	<SubTexture name="BF NOTE DOWN0016" x="1654" y="0" width="408" height="369" frameX="0" frameY="0" frameWidth="410" frameHeight="369"/>
	<SubTexture name="BF NOTE DOWN0017" x="1654" y="0" width="408" height="369" frameX="0" frameY="0" frameWidth="410" frameHeight="369"/>
	<SubTexture name="BF NOTE DOWN0018" x="1654" y="0" width="408" height="369" frameX="0" frameY="0" frameWidth="410" frameHeight="369"/>
	<SubTexture name="BF NOTE DOWN0019" x="1654" y="0" width="408" height="369" frameX="0" frameY="0" frameWidth="410" frameHeight="369"/>
	<SubTexture name="BF NOTE DOWN0020" x="1654" y="0" width="408" height="369" frameX="0" frameY="0" frameWidth="410" frameHeight="369"/>
	<SubTexture name="BF NOTE DOWN0021" x="1654" y="0" width="408" height="369" frameX="0" frameY="0" frameWidth="410" frameHeight="369"/>
	<SubTexture name="BF NOTE DOWN0022" x="1654" y="0" width="408" height="369" frameX="0" frameY="0" frameWidth="410" frameHeight="369"/>
	<SubTexture name="BF NOTE DOWN0023" x="1654" y="0" width="408" height="369" frameX="0" frameY="0" frameWidth="410" frameHeight="369"/>
	<SubTexture name="BF NOTE DOWN0024" x="1654" y="0" width="408" height="369" frameX="0" frameY="0" frameWidth="410" frameHeight="369"/>
	<SubTexture name="BF NOTE DOWN0025" x="1654" y="0" width="408" height="369" frameX="0" frameY="0" frameWidth="410" frameHeight="369"/>
	<SubTexture name="BF NOTE DOWN0026" x="1654" y="0" width="408" height="369" frameX="0" frameY="0" frameWidth="410" frameHeight="369"/>
	<SubTexture name="BF NOTE DOWN0027" x="1654" y="0" width="408" height="369" frameX="0" frameY="0" frameWidth="410" frameHeight="369"/>
	<SubTexture name="BF NOTE DOWN0028" x="1654" y="0" width="408" height="369" frameX="0" frameY="0" frameWidth="410" frameHeight="369"/>
	<SubTexture name="BF NOTE DOWN0029" x="1654" y="0" width="408" height="369" frameX="0" frameY="0" frameWidth="410" frameHeight="369"/>
	<SubTexture name="BF NOTE DOWN MISS0000" x="2062" y="0" width="405" height="364" pivotX="-25.5" pivotY="14.4" frameX="0" frameY="-31" frameWidth="417" frameHeight="414"/>
	<SubTexture name="BF NOTE DOWN MISS0001" x="2467" y="0" width="402" height="414" frameX="-13" frameY="0" frameWidth="417" frameHeight="414"/>
	<SubTexture name="BF NOTE DOWN MISS0002" x="2467" y="0" width="402" height="414" frameX="-13" frameY="0" frameWidth="417" frameHeight="414"/>
	<SubTexture name="BF NOTE DOWN MISS0003" x="2869" y="0" width="405" height="410" frameX="-12" frameY="-4" frameWidth="417" frameHeight="414"/>
	<SubTexture name="BF NOTE DOWN MISS0004" x="2869" y="0" width="405" height="410" frameX="-12" frameY="-4" frameWidth="417" frameHeight="414"/>
	<SubTexture name="BF NOTE DOWN MISS0005" x="2869" y="0" width="405" height="410" frameX="-12" frameY="-4" frameWidth="417" frameHeight="414"/>
	<SubTexture name="BF NOTE DOWN MISS0006" x="2869" y="0" width="405" height="410" frameX="-12" frameY="-4" frameWidth="417" frameHeight="414"/>
	<SubTexture name="BF NOTE DOWN MISS0007" x="2869" y="0" width="405" height="410" frameX="-12" frameY="-4" frameWidth="417" frameHeight="414"/>
	<SubTexture name="BF NOTE DOWN MISS0008" x="2869" y="0" width="405" height="410" frameX="-12" frameY="-4" frameWidth="417" frameHeight="414"/>
	<SubTexture name="BF NOTE DOWN MISS0009" x="2869" y="0" width="405" height="410" frameX="-12" frameY="-4" frameWidth="417" frameHeight="414"/>
	<SubTexture name="BF NOTE DOWN MISS0010" x="2869" y="0" width="405" height="410" frameX="-12" frameY="-4" frameWidth="417" frameHeight="414"/>
	<SubTexture name="BF NOTE DOWN MISS0011" x="2869" y="0" width="405" height="410" frameX="-12" frameY="-4" frameWidth="417" frameHeight="414"/>
	<SubTexture name="BF NOTE DOWN MISS0012" x="2869" y="0" width="405" height="410" frameX="-12" frameY="-4" frameWidth="417" frameHeight="414"/>
	<SubTexture name="BF NOTE DOWN MISS0013" x="2869" y="0" width="405" height="410" frameX="-12" frameY="-4" frameWidth="417" frameHeight="414"/>
	<SubTexture name="BF NOTE DOWN MISS0014" x="2869" y="0" width="405" height="410" frameX="-12" frameY="-4" frameWidth="417" frameHeight="414"/>
	<SubTexture name="BF NOTE DOWN MISS0015" x="2869" y="0" width="405" height="410" frameX="-12" frameY="-4" frameWidth="417" frameHeight="414"/>
	<SubTexture name="BF NOTE DOWN MISS0016" x="2869" y="0" width="405" height="410" frameX="-12" frameY="-4" frameWidth="417" frameHeight="414"/>
	<SubTexture name="BF NOTE DOWN MISS0017" x="2869" y="0" width="405" height="410" frameX="-12" frameY="-4" frameWidth="417" frameHeight="414"/>
	<SubTexture name="BF NOTE DOWN MISS0018" x="2869" y="0" width="405" height="410" frameX="-12" frameY="-4" frameWidth="417" frameHeight="414"/>
	<SubTexture name="BF NOTE DOWN MISS0019" x="2869" y="0" width="405" height="410" frameX="-12" frameY="-4" frameWidth="417" frameHeight="414"/>
	<SubTexture name="BF NOTE DOWN MISS0020" x="2869" y="0" width="405" height="410" frameX="-12" frameY="-4" frameWidth="417" frameHeight="414"/>
	<SubTexture name="BF NOTE DOWN MISS0021" x="2869" y="0" width="405" height="410" frameX="-12" frameY="-4" frameWidth="417" frameHeight="414"/>
	<SubTexture name="BF NOTE DOWN MISS0022" x="2869" y="0" width="405" height="410" frameX="-12" frameY="-4" frameWidth="417" frameHeight="414"/>
	<SubTexture name="BF NOTE DOWN MISS0023" x="2869" y="0" width="405" height="410" frameX="-12" frameY="-4" frameWidth="417" frameHeight="414"/>
	<SubTexture name="BF NOTE DOWN MISS0024" x="2869" y="0" width="405" height="410" frameX="-12" frameY="-4" frameWidth="417" frameHeight="414"/>
	<SubTexture name="BF NOTE DOWN MISS0025" x="2869" y="0" width="405" height="410" frameX="-12" frameY="-4" frameWidth="417" frameHeight="414"/>
	<SubTexture name="BF NOTE DOWN MISS0026" x="2869" y="0" width="405" height="410" frameX="-12" frameY="-4" frameWidth="417" frameHeight="414"/>
	<SubTexture name="BF NOTE DOWN MISS0027" x="2869" y="0" width="405" height="410" frameX="-12" frameY="-4" frameWidth="417" frameHeight="414"/>
	<SubTexture name="BF NOTE DOWN MISS0028" x="2869" y="0" width="405" height="410" frameX="-12" frameY="-4" frameWidth="417" frameHeight="414"/>
	<SubTexture name="BF NOTE LEFT0000" x="3274" y="0" width="405" height="409" pivotX="-296.25" pivotY="194" frameX="-1" frameY="0" frameWidth="412" frameHeight="409"/>
	<SubTexture name="BF NOTE LEFT0001" x="3274" y="0" width="405" height="409" frameX="-1" frameY="0" frameWidth="412" frameHeight="409"/>
	<SubTexture name="BF NOTE LEFT0002" x="3679" y="0" width="412" height="407" frameX="0" frameY="-2" frameWidth="412" frameHeight="409"/>
	<SubTexture name="BF NOTE LEFT0003" x="3679" y="0" width="412" height="407" frameX="0" frameY="-2" frameWidth="412" frameHeight="409"/>
	<SubTexture name="BF NOTE LEFT0004" x="3679" y="0" width="412" height="407" frameX="0" frameY="-2" frameWidth="412" frameHeight="409"/>
	<SubTexture name="BF NOTE LEFT0005" x="3679" y="0" width="412" height="407" frameX="0" frameY="-2" frameWidth="412" frameHeight="409"/>
	<SubTexture name="BF NOTE LEFT0006" x="3679" y="0" width="412" height="407" frameX="0" frameY="-2" frameWidth="412" frameHeight="409"/>
	<SubTexture name="BF NOTE LEFT0007" x="3679" y="0" width="412" height="407" frameX="0" frameY="-2" frameWidth="412" frameHeight="409"/>
	<SubTexture name="BF NOTE LEFT0008" x="3679" y="0" width="412" height="407" frameX="0" frameY="-2" frameWidth="412" frameHeight="409"/>
	<SubTexture name="BF NOTE LEFT0009" x="3679" y="0" width="412" height="407" frameX="0" frameY="-2" frameWidth="412" frameHeight="409"/>
	<SubTexture name="BF NOTE LEFT0010" x="3679" y="0" width="412" height="407" frameX="0" frameY="-2" frameWidth="412" frameHeight="409"/>
	<SubTexture name="BF NOTE LEFT0011" x="3679" y="0" width="412" height="407" frameX="0" frameY="-2" frameWidth="412" frameHeight="409"/>
	<SubTexture name="BF NOTE LEFT0012" x="3679" y="0" width="412" height="407" frameX="0" frameY="-2" frameWidth="412" frameHeight="409"/>
	<SubTexture name="BF NOTE LEFT0013" x="3679" y="0" width="412" height="407" frameX="0" frameY="-2" frameWidth="412" frameHeight="409"/>
	<SubTexture name="BF NOTE LEFT0014" x="3679" y="0" width="412" height="407" frameX="0" frameY="-2" frameWidth="412" frameHeight="409"/>
	<SubTexture name="BF NOTE LEFT MISS0000" x="0" y="419" width="405" height="409" pivotX="-297.15" pivotY="220.15" frameX="0" frameY="-26" frameWidth="405" frameHeight="435"/>
	<SubTexture name="BF NOTE LEFT MISS0001" x="405" y="419" width="362" height="433" frameX="-32" frameY="0" frameWidth="405" frameHeight="435"/>
	<SubTexture name="BF NOTE LEFT MISS0002" x="405" y="419" width="362" height="433" frameX="-32" frameY="0" frameWidth="405" frameHeight="435"/>
	<SubTexture name="BF NOTE LEFT MISS0003" x="767" y="419" width="363" height="433" frameX="-29" frameY="0" frameWidth="405" frameHeight="435"/>
	<SubTexture name="BF NOTE LEFT MISS0004" x="767" y="419" width="363" height="433" frameX="-29" frameY="0" frameWidth="405" frameHeight="435"/>
	<SubTexture name="BF NOTE LEFT MISS0005" x="767" y="419" width="363" height="433" frameX="-29" frameY="0" frameWidth="405" frameHeight="435"/>
	<SubTexture name="BF NOTE LEFT MISS0006" x="767" y="419" width="363" height="433" frameX="-29" frameY="0" frameWidth="405" frameHeight="435"/>
	<SubTexture name="BF NOTE LEFT MISS0007" x="767" y="419" width="363" height="433" frameX="-29" frameY="0" frameWidth="405" frameHeight="435"/>
	<SubTexture name="BF NOTE LEFT MISS0008" x="767" y="419" width="363" height="433" frameX="-29" frameY="0" frameWidth="405" frameHeight="435"/>
	<SubTexture name="BF NOTE LEFT MISS0009" x="767" y="419" width="363" height="433" frameX="-29" frameY="0" frameWidth="405" frameHeight="435"/>
	<SubTexture name="BF NOTE LEFT MISS0010" x="767" y="419" width="363" height="433" frameX="-29" frameY="0" frameWidth="405" frameHeight="435"/>
	<SubTexture name="BF NOTE LEFT MISS0011" x="767" y="419" width="363" height="433" frameX="-29" frameY="0" frameWidth="405" frameHeight="435"/>
	<SubTexture name="BF NOTE LEFT MISS0012" x="767" y="419" width="363" height="433" frameX="-29" frameY="0" frameWidth="405" frameHeight="435"/>
	<SubTexture name="BF NOTE LEFT MISS0013" x="767" y="419" width="363" height="433" frameX="-29" frameY="0" frameWidth="405" frameHeight="435"/>
	<SubTexture name="BF NOTE LEFT MISS0014" x="767" y="419" width="363" height="433" frameX="-29" frameY="0" frameWidth="405" frameHeight="435"/>
	<SubTexture name="BF NOTE LEFT MISS0015" x="767" y="419" width="363" height="433" frameX="-29" frameY="0" frameWidth="405" frameHeight="435"/>
	<SubTexture name="BF NOTE LEFT MISS0016" x="767" y="419" width="363" height="433" frameX="-29" frameY="0" frameWidth="405" frameHeight="435"/>
	<SubTexture name="BF NOTE LEFT MISS0017" x="767" y="419" width="363" height="433" frameX="-29" frameY="0" frameWidth="405" frameHeight="435"/>
	<SubTexture name="BF NOTE LEFT MISS0018" x="767" y="419" width="363" height="433" frameX="-29" frameY="0" frameWidth="405" frameHeight="435"/>
	<SubTexture name="BF NOTE LEFT MISS0019" x="767" y="419" width="363" height="433" frameX="-29" frameY="0" frameWidth="405" frameHeight="435"/>
	<SubTexture name="BF NOTE LEFT MISS0020" x="767" y="419" width="363" height="433" frameX="-29" frameY="0" frameWidth="405" frameHeight="435"/>
	<SubTexture name="BF NOTE LEFT MISS0021" x="767" y="419" width="363" height="433" frameX="-29" frameY="0" frameWidth="405" frameHeight="435"/>
	<SubTexture name="BF NOTE LEFT MISS0022" x="767" y="419" width="363" height="433" frameX="-29" frameY="0" frameWidth="405" frameHeight="435"/>
	<SubTexture name="BF NOTE LEFT MISS0023" x="767" y="419" width="363" height="433" frameX="-29" frameY="0" frameWidth="405" frameHeight="435"/>
	<SubTexture name="BF NOTE LEFT MISS0024" x="767" y="419" width="363" height="433" frameX="-29" frameY="0" frameWidth="405" frameHeight="435"/>
	<SubTexture name="BF NOTE LEFT MISS0025" x="767" y="419" width="363" height="433" frameX="-29" frameY="0" frameWidth="405" frameHeight="435"/>
	<SubTexture name="BF NOTE LEFT MISS0026" x="767" y="419" width="363" height="433" frameX="-29" frameY="0" frameWidth="405" frameHeight="435"/>
	<SubTexture name="BF NOTE LEFT MISS0027" x="767" y="419" width="363" height="433" frameX="-29" frameY="0" frameWidth="405" frameHeight="435"/>
	<SubTexture name="BF NOTE LEFT MISS0028" x="767" y="419" width="363" height="433" frameX="-29" frameY="0" frameWidth="405" frameHeight="435"/>
	<SubTexture name="BF NOTE LEFT MISS0029" x="767" y="419" width="363" height="433" frameX="-29" frameY="0" frameWidth="405" frameHeight="435"/>
	<SubTexture name="BF NOTE LEFT MISS0030" x="767" y="419" width="363" height="433" frameX="-29" frameY="0" frameWidth="405" frameHeight="435"/>
	<SubTexture name="BF NOTE LEFT MISS0031" x="767" y="419" width="363" height="433" frameX="-29" frameY="0" frameWidth="405" frameHeight="435"/>
	<SubTexture name="BF NOTE LEFT MISS0032" x="767" y="419" width="363" height="433" frameX="-29" frameY="0" frameWidth="405" frameHeight="435"/>
	<SubTexture name="BF NOTE LEFT MISS0033" x="767" y="419" width="363" height="433" frameX="-29" frameY="0" frameWidth="405" frameHeight="435"/>
	<SubTexture name="BF NOTE RIGHT0000" x="1130" y="419" width="406" height="408" pivotX="-350.05" pivotY="195.7" frameX="0" frameY="-2" frameWidth="409" frameHeight="410"/>
	<SubTexture name="BF NOTE RIGHT0001" x="1130" y="419" width="406" height="408" frameX="0" frameY="-2" frameWidth="409" frameHeight="410"/>
	<SubTexture name="BF NOTE RIGHT0002" x="1536" y="419" width="409" height="410"/>
	<SubTexture name="BF NOTE RIGHT0003" x="1536" y="419" width="409" height="410"/>
	<SubTexture name="BF NOTE RIGHT0004" x="1536" y="419" width="409" height="410"/>
	<SubTexture name="BF NOTE RIGHT0005" x="1536" y="419" width="409" height="410"/>
	<SubTexture name="BF NOTE RIGHT0006" x="1536" y="419" width="409" height="410"/>
	<SubTexture name="BF NOTE RIGHT0007" x="1536" y="419" width="409" height="410"/>
	<SubTexture name="BF NOTE RIGHT0008" x="1536" y="419" width="409" height="410"/>
	<SubTexture name="BF NOTE RIGHT0009" x="1536" y="419" width="409" height="410"/>
	<SubTexture name="BF NOTE RIGHT0010" x="1536" y="419" width="409" height="410"/>
	<SubTexture name="BF NOTE RIGHT0011" x="1536" y="419" width="409" height="410"/>
	<SubTexture name="BF NOTE RIGHT0012" x="1536" y="419" width="409" height="410"/>
	<SubTexture name="BF NOTE RIGHT0013" x="1536" y="419" width="409" height="410"/>
	<SubTexture name="BF NOTE RIGHT0014" x="1536" y="419" width="409" height="410"/>
	<SubTexture name="BF NOTE RIGHT0015" x="1536" y="419" width="409" height="410"/>
	<SubTexture name="BF NOTE RIGHT0016" x="1536" y="419" width="409" height="410"/>
	<SubTexture name="BF NOTE RIGHT0017" x="1536" y="419" width="409" height="410"/>
	<SubTexture name="BF NOTE RIGHT0018" x="1536" y="419" width="409" height="410"/>
	<SubTexture name="BF NOTE RIGHT0019" x="1536" y="419" width="409" height="410"/>
	<SubTexture name="BF NOTE RIGHT0020" x="1536" y="419" width="409" height="410"/>
	<SubTexture name="BF NOTE RIGHT0021" x="1536" y="419" width="409" height="410"/>
	<SubTexture name="BF NOTE RIGHT0022" x="1536" y="419" width="409" height="410"/>
	<SubTexture name="BF NOTE RIGHT0023" x="1536" y="419" width="409" height="410"/>
	<SubTexture name="BF NOTE RIGHT0024" x="1536" y="419" width="409" height="410"/>
	<SubTexture name="BF NOTE RIGHT0025" x="1536" y="419" width="409" height="410"/>
	<SubTexture name="BF NOTE RIGHT0026" x="1536" y="419" width="409" height="410"/>
	<SubTexture name="BF NOTE RIGHT0027" x="1536" y="419" width="409" height="410"/>
	<SubTexture name="BF NOTE RIGHT0028" x="1536" y="419" width="409" height="410"/>
	<SubTexture name="BF NOTE RIGHT0029" x="1536" y="419" width="409" height="410"/>
	<SubTexture name="BF NOTE RIGHT0030" x="1536" y="419" width="409" height="410"/>
	<SubTexture name="BF NOTE RIGHT0031" x="1536" y="419" width="409" height="410"/>
	<SubTexture name="BF NOTE RIGHT0032" x="1536" y="419" width="409" height="410"/>
	<SubTexture name="BF NOTE RIGHT0033" x="1536" y="419" width="409" height="410"/>
	<SubTexture name="BF NOTE RIGHT0034" x="1536" y="419" width="409" height="410"/>
	<SubTexture name="BF NOTE RIGHT0035" x="1536" y="419" width="409" height="410"/>
	<SubTexture name="BF NOTE RIGHT0036" x="1536" y="419" width="409" height="410"/>
	<SubTexture name="BF NOTE RIGHT0037" x="1536" y="419" width="409" height="410"/>
	<SubTexture name="BF NOTE RIGHT0038" x="1536" y="419" width="409" height="410"/>
	<SubTexture name="BF NOTE RIGHT0039" x="1536" y="419" width="409" height="410"/>
	<SubTexture name="BF NOTE RIGHT0040" x="1536" y="419" width="409" height="410"/>
	<SubTexture name="BF NOTE RIGHT0041" x="1536" y="419" width="409" height="410"/>
	<SubTexture name="BF NOTE RIGHT0042" x="1536" y="419" width="409" height="410"/>
	<SubTexture name="BF NOTE RIGHT0043" x="1536" y="419" width="409" height="410"/>
	<SubTexture name="BF NOTE RIGHT0044" x="1536" y="419" width="409" height="410"/>
	<SubTexture name="BF NOTE RIGHT0045" x="1536" y="419" width="409" height="410"/>
	<SubTexture name="BF NOTE RIGHT0046" x="1536" y="419" width="409" height="410"/>
	<SubTexture name="BF NOTE RIGHT0047" x="1536" y="419" width="409" height="410"/>
	<SubTexture name="BF NOTE RIGHT0048" x="1536" y="419" width="409" height="410"/>
	<SubTexture name="BF NOTE RIGHT0049" x="1536" y="419" width="409" height="410"/>
	<SubTexture name="BF NOTE RIGHT0050" x="1536" y="419" width="409" height="410"/>
	<SubTexture name="BF NOTE RIGHT0051" x="1536" y="419" width="409" height="410"/>
	<SubTexture name="BF NOTE RIGHT0052" x="1536" y="419" width="409" height="410"/>
	<SubTexture name="BF NOTE RIGHT0053" x="1536" y="419" width="409" height="410"/>
	<SubTexture name="BF NOTE RIGHT0054" x="1536" y="419" width="409" height="410"/>
	<SubTexture name="BF NOTE RIGHT0055" x="1536" y="419" width="409" height="410"/>
	<SubTexture name="BF NOTE RIGHT0056" x="1536" y="419" width="409" height="410"/>
	<SubTexture name="BF NOTE RIGHT0057" x="1536" y="419" width="409" height="410"/>
	<SubTexture name="BF NOTE RIGHT0058" x="1536" y="419" width="409" height="410"/>
	<SubTexture name="BF NOTE RIGHT0059" x="1536" y="419" width="409" height="410"/>
	<SubTexture name="BF NOTE RIGHT0060" x="1536" y="419" width="409" height="410"/>
	<SubTexture name="BF NOTE RIGHT0061" x="1536" y="419" width="409" height="410"/>
	<SubTexture name="BF NOTE RIGHT MISS0000" x="1945" y="419" width="406" height="408" pivotX="-326.45" pivotY="223.2" frameX="-24" frameY="-30" frameWidth="430" frameHeight="438"/>
	<SubTexture name="BF NOTE RIGHT MISS0001" x="2351" y="419" width="409" height="430" frameX="0" frameY="0" frameWidth="430" frameHeight="438"/>
	<SubTexture name="BF NOTE RIGHT MISS0002" x="2351" y="419" width="409" height="430" frameX="0" frameY="0" frameWidth="430" frameHeight="438"/>
	<SubTexture name="BF NOTE RIGHT MISS0003" x="2760" y="419" width="411" height="430" frameX="-1" frameY="0" frameWidth="430" frameHeight="438"/>
	<SubTexture name="BF NOTE RIGHT MISS0004" x="2760" y="419" width="411" height="430" frameX="-1" frameY="0" frameWidth="430" frameHeight="438"/>
	<SubTexture name="BF NOTE RIGHT MISS0005" x="2760" y="419" width="411" height="430" frameX="-1" frameY="0" frameWidth="430" frameHeight="438"/>
	<SubTexture name="BF NOTE RIGHT MISS0006" x="2760" y="419" width="411" height="430" frameX="-1" frameY="0" frameWidth="430" frameHeight="438"/>
	<SubTexture name="BF NOTE RIGHT MISS0007" x="2760" y="419" width="411" height="430" frameX="-1" frameY="0" frameWidth="430" frameHeight="438"/>
	<SubTexture name="BF NOTE RIGHT MISS0008" x="2760" y="419" width="411" height="430" frameX="-1" frameY="0" frameWidth="430" frameHeight="438"/>
	<SubTexture name="BF NOTE RIGHT MISS0009" x="2760" y="419" width="411" height="430" frameX="-1" frameY="0" frameWidth="430" frameHeight="438"/>
	<SubTexture name="BF NOTE RIGHT MISS0010" x="2760" y="419" width="411" height="430" frameX="-1" frameY="0" frameWidth="430" frameHeight="438"/>
	<SubTexture name="BF NOTE RIGHT MISS0011" x="2760" y="419" width="411" height="430" frameX="-1" frameY="0" frameWidth="430" frameHeight="438"/>
	<SubTexture name="BF NOTE RIGHT MISS0012" x="2760" y="419" width="411" height="430" frameX="-1" frameY="0" frameWidth="430" frameHeight="438"/>
	<SubTexture name="BF NOTE RIGHT MISS0013" x="2760" y="419" width="411" height="430" frameX="-1" frameY="0" frameWidth="430" frameHeight="438"/>
	<SubTexture name="BF NOTE RIGHT MISS0014" x="2760" y="419" width="411" height="430" frameX="-1" frameY="0" frameWidth="430" frameHeight="438"/>
	<SubTexture name="BF NOTE RIGHT MISS0015" x="2760" y="419" width="411" height="430" frameX="-1" frameY="0" frameWidth="430" frameHeight="438"/>
	<SubTexture name="BF NOTE RIGHT MISS0016" x="2760" y="419" width="411" height="430" frameX="-1" frameY="0" frameWidth="430" frameHeight="438"/>
	<SubTexture name="BF NOTE RIGHT MISS0017" x="2760" y="419" width="411" height="430" frameX="-1" frameY="0" frameWidth="430" frameHeight="438"/>
	<SubTexture name="BF NOTE RIGHT MISS0018" x="2760" y="419" width="411" height="430" frameX="-1" frameY="0" frameWidth="430" frameHeight="438"/>
	<SubTexture name="BF NOTE RIGHT MISS0019" x="2760" y="419" width="411" height="430" frameX="-1" frameY="0" frameWidth="430" frameHeight="438"/>
	<SubTexture name="BF NOTE RIGHT MISS0020" x="2760" y="419" width="411" height="430" frameX="-1" frameY="0" frameWidth="430" frameHeight="438"/>
	<SubTexture name="BF NOTE RIGHT MISS0021" x="2760" y="419" width="411" height="430" frameX="-1" frameY="0" frameWidth="430" frameHeight="438"/>
	<SubTexture name="BF NOTE RIGHT MISS0022" x="2760" y="419" width="411" height="430" frameX="-1" frameY="0" frameWidth="430" frameHeight="438"/>
	<SubTexture name="BF NOTE RIGHT MISS0023" x="2760" y="419" width="411" height="430" frameX="-1" frameY="0" frameWidth="430" frameHeight="438"/>
	<SubTexture name="BF NOTE RIGHT MISS0024" x="2760" y="419" width="411" height="430" frameX="-1" frameY="0" frameWidth="430" frameHeight="438"/>
	<SubTexture name="BF NOTE RIGHT MISS0025" x="2760" y="419" width="411" height="430" frameX="-1" frameY="0" frameWidth="430" frameHeight="438"/>
	<SubTexture name="BF NOTE RIGHT MISS0026" x="2760" y="419" width="411" height="430" frameX="-1" frameY="0" frameWidth="430" frameHeight="438"/>
	<SubTexture name="BF NOTE RIGHT MISS0027" x="2760" y="419" width="411" height="430" frameX="-1" frameY="0" frameWidth="430" frameHeight="438"/>
	<SubTexture name="BF NOTE RIGHT MISS0028" x="2760" y="419" width="411" height="430" frameX="-1" frameY="0" frameWidth="430" frameHeight="438"/>
	<SubTexture name="BF NOTE RIGHT MISS0029" x="2760" y="419" width="411" height="430" frameX="-1" frameY="0" frameWidth="430" frameHeight="438"/>
	<SubTexture name="BF NOTE RIGHT MISS0030" x="2760" y="419" width="411" height="430" frameX="-1" frameY="0" frameWidth="430" frameHeight="438"/>
	<SubTexture name="BF NOTE RIGHT MISS0031" x="2760" y="419" width="411" height="430" frameX="-1" frameY="0" frameWidth="430" frameHeight="438"/>
	<SubTexture name="BF NOTE RIGHT MISS0032" x="2760" y="419" width="411" height="430" frameX="-1" frameY="0" frameWidth="430" frameHeight="438"/>
	<SubTexture name="BF NOTE RIGHT MISS0033" x="2760" y="419" width="411" height="430" frameX="-1" frameY="0" frameWidth="430" frameHeight="438"/>
	<SubTexture name="BF NOTE RIGHT MISS0034" x="2760" y="419" width="411" height="430" frameX="-1" frameY="0" frameWidth="430" frameHeight="438"/>
	<SubTexture name="BF NOTE RIGHT MISS0035" x="2760" y="419" width="411" height="430" frameX="-1" frameY="0" frameWidth="430" frameHeight="438"/>
	<SubTexture name="BF NOTE RIGHT MISS0036" x="2760" y="419" width="411" height="430" frameX="-1" frameY="0" frameWidth="430" frameHeight="438"/>
	<SubTexture name="BF NOTE RIGHT MISS0037" x="2760" y="419" width="411" height="430" frameX="-1" frameY="0" frameWidth="430" frameHeight="438"/>
	<SubTexture name="BF NOTE RIGHT MISS0038" x="2760" y="419" width="411" height="430" frameX="-1" frameY="0" frameWidth="430" frameHeight="438"/>
	<SubTexture name="BF NOTE RIGHT MISS0039" x="2760" y="419" width="411" height="430" frameX="-1" frameY="0" frameWidth="430" frameHeight="438"/>
	<SubTexture name="BF NOTE RIGHT MISS0040" x="2760" y="419" width="411" height="430" frameX="-1" frameY="0" frameWidth="430" frameHeight="438"/>
	<SubTexture name="BF NOTE RIGHT MISS0041" x="2760" y="419" width="411" height="430" frameX="-1" frameY="0" frameWidth="430" frameHeight="438"/>
	<SubTexture name="BF NOTE RIGHT MISS0042" x="2760" y="419" width="411" height="430" frameX="-1" frameY="0" frameWidth="430" frameHeight="438"/>
	<SubTexture name="BF NOTE RIGHT MISS0043" x="2760" y="419" width="411" height="430" frameX="-1" frameY="0" frameWidth="430" frameHeight="438"/>
	<SubTexture name="BF NOTE RIGHT MISS0044" x="2760" y="419" width="411" height="430" frameX="-1" frameY="0" frameWidth="430" frameHeight="438"/>
	<SubTexture name="BF NOTE RIGHT MISS0045" x="2760" y="419" width="411" height="430" frameX="-1" frameY="0" frameWidth="430" frameHeight="438"/>
	<SubTexture name="BF NOTE UP0000" x="3171" y="419" width="412" height="447" pivotX="-42" pivotY="-36.45" frameX="-1" frameY="0" frameWidth="413" frameHeight="447"/>
	<SubTexture name="BF NOTE UP0001" x="3171" y="419" width="412" height="447" frameX="-1" frameY="0" frameWidth="413" frameHeight="447"/>
	<SubTexture name="BF NOTE UP0002" x="3583" y="419" width="412" height="442" frameX="0" frameY="-5" frameWidth="413" frameHeight="447"/>
	<SubTexture name="BF NOTE UP0003" x="3583" y="419" width="412" height="442" frameX="0" frameY="-5" frameWidth="413" frameHeight="447"/>
	<SubTexture name="BF NOTE UP0004" x="3583" y="419" width="412" height="442" frameX="0" frameY="-5" frameWidth="413" frameHeight="447"/>
	<SubTexture name="BF NOTE UP0005" x="3583" y="419" width="412" height="442" frameX="0" frameY="-5" frameWidth="413" frameHeight="447"/>
	<SubTexture name="BF NOTE UP0006" x="3583" y="419" width="412" height="442" frameX="0" frameY="-5" frameWidth="413" frameHeight="447"/>
	<SubTexture name="BF NOTE UP0007" x="3583" y="419" width="412" height="442" frameX="0" frameY="-5" frameWidth="413" frameHeight="447"/>
	<SubTexture name="BF NOTE UP0008" x="3583" y="419" width="412" height="442" frameX="0" frameY="-5" frameWidth="413" frameHeight="447"/>
	<SubTexture name="BF NOTE UP0009" x="3583" y="419" width="412" height="442" frameX="0" frameY="-5" frameWidth="413" frameHeight="447"/>
	<SubTexture name="BF NOTE UP0010" x="3583" y="419" width="412" height="442" frameX="0" frameY="-5" frameWidth="413" frameHeight="447"/>
	<SubTexture name="BF NOTE UP0011" x="3583" y="419" width="412" height="442" frameX="0" frameY="-5" frameWidth="413" frameHeight="447"/>
	<SubTexture name="BF NOTE UP0012" x="3583" y="419" width="412" height="442" frameX="0" frameY="-5" frameWidth="413" frameHeight="447"/>
	<SubTexture name="BF NOTE UP0013" x="3583" y="419" width="412" height="442" frameX="0" frameY="-5" frameWidth="413" frameHeight="447"/>
	<SubTexture name="BF NOTE UP0014" x="3583" y="419" width="412" height="442" frameX="0" frameY="-5" frameWidth="413" frameHeight="447"/>
	<SubTexture name="BF NOTE UP MISS0000" x="3171" y="419" width="412" height="447" pivotX="-42" pivotY="-36.45" frameX="-6" frameY="-25" frameWidth="413" frameHeight="447"/>
	<SubTexture name="BF NOTE UP MISS0001" x="0" y="866" width="418" height="478" frameX="0" frameY="-3" frameWidth="418" frameHeight="482"/>
	<SubTexture name="BF NOTE UP MISS0002" x="0" y="866" width="418" height="478" frameX="0" frameY="-3" frameWidth="418" frameHeight="482"/>
	<SubTexture name="BF NOTE UP MISS0003" x="418" y="866" width="414" height="482" frameX="-1" frameY="0" frameWidth="418" frameHeight="482"/>
	<SubTexture name="BF NOTE UP MISS0004" x="418" y="866" width="414" height="482" frameX="-1" frameY="0" frameWidth="418" frameHeight="482"/>
	<SubTexture name="BF NOTE UP MISS0005" x="418" y="866" width="414" height="482" frameX="-1" frameY="0" frameWidth="418" frameHeight="482"/>
	<SubTexture name="BF NOTE UP MISS0006" x="418" y="866" width="414" height="482" frameX="-1" frameY="0" frameWidth="418" frameHeight="482"/>
	<SubTexture name="BF NOTE UP MISS0007" x="418" y="866" width="414" height="482" frameX="-1" frameY="0" frameWidth="418" frameHeight="482"/>
	<SubTexture name="BF NOTE UP MISS0008" x="418" y="866" width="414" height="482" frameX="-1" frameY="0" frameWidth="418" frameHeight="482"/>
	<SubTexture name="BF NOTE UP MISS0009" x="418" y="866" width="414" height="482" frameX="-1" frameY="0" frameWidth="418" frameHeight="482"/>
	<SubTexture name="BF NOTE UP MISS0010" x="418" y="866" width="414" height="482" frameX="-1" frameY="0" frameWidth="418" frameHeight="482"/>
	<SubTexture name="BF NOTE UP MISS0011" x="418" y="866" width="414" height="482" frameX="-1" frameY="0" frameWidth="418" frameHeight="482"/>
	<SubTexture name="BF NOTE UP MISS0012" x="418" y="866" width="414" height="482" frameX="-1" frameY="0" frameWidth="418" frameHeight="482"/>
	<SubTexture name="BF NOTE UP MISS0013" x="418" y="866" width="414" height="482" frameX="-1" frameY="0" frameWidth="418" frameHeight="482"/>
	<SubTexture name="BF NOTE UP MISS0014" x="418" y="866" width="414" height="482" frameX="-1" frameY="0" frameWidth="418" frameHeight="482"/>
	<SubTexture name="BF NOTE UP MISS0015" x="418" y="866" width="414" height="482" frameX="-1" frameY="0" frameWidth="418" frameHeight="482"/>
	<SubTexture name="BF NOTE UP MISS0016" x="418" y="866" width="414" height="482" frameX="-1" frameY="0" frameWidth="418" frameHeight="482"/>
	<SubTexture name="BF NOTE UP MISS0017" x="418" y="866" width="414" height="482" frameX="-1" frameY="0" frameWidth="418" frameHeight="482"/>
	<SubTexture name="BF NOTE UP MISS0018" x="418" y="866" width="414" height="482" frameX="-1" frameY="0" frameWidth="418" frameHeight="482"/>
	<SubTexture name="BF NOTE UP MISS0019" x="418" y="866" width="414" height="482" frameX="-1" frameY="0" frameWidth="418" frameHeight="482"/>
	<SubTexture name="BF NOTE UP MISS0020" x="418" y="866" width="414" height="482" frameX="-1" frameY="0" frameWidth="418" frameHeight="482"/>
	<SubTexture name="BF NOTE UP MISS0021" x="418" y="866" width="414" height="482" frameX="-1" frameY="0" frameWidth="418" frameHeight="482"/>
	<SubTexture name="BF NOTE UP MISS0022" x="418" y="866" width="414" height="482" frameX="-1" frameY="0" frameWidth="418" frameHeight="482"/>
	<SubTexture name="BF NOTE UP MISS0023" x="418" y="866" width="414" height="482" frameX="-1" frameY="0" frameWidth="418" frameHeight="482"/>
	<SubTexture name="BF idle dance0000" x="832" y="866" width="418" height="395" pivotX="-299.8" pivotY="201.6" frameX="-1" frameY="-20" frameWidth="422" frameHeight="416"/>
	<SubTexture name="BF idle dance0001" x="832" y="866" width="418" height="395" frameX="-1" frameY="-20" frameWidth="422" frameHeight="416"/>
	<SubTexture name="BF idle dance0002" x="1250" y="866" width="419" height="397" frameX="0" frameY="-19" frameWidth="422" frameHeight="416"/>
	<SubTexture name="BF idle dance0003" x="1250" y="866" width="419" height="397" frameX="0" frameY="-19" frameWidth="422" frameHeight="416"/>
	<SubTexture name="BF idle dance0004" x="1669" y="866" width="419" height="402" frameX="-3" frameY="-14" frameWidth="422" frameHeight="416"/>
	<SubTexture name="BF idle dance0005" x="1669" y="866" width="419" height="402" frameX="-3" frameY="-14" frameWidth="422" frameHeight="416"/>
	<SubTexture name="BF idle dance0006" x="2088" y="866" width="420" height="415" frameX="-1" frameY="-1" frameWidth="422" frameHeight="416"/>
	<SubTexture name="BF idle dance0007" x="2088" y="866" width="420" height="415" frameX="-1" frameY="-1" frameWidth="422" frameHeight="416"/>
	<SubTexture name="BF idle dance0008" x="2508" y="866" width="420" height="416" frameX="-2" frameY="0" frameWidth="422" frameHeight="416"/>
	<SubTexture name="BF idle dance0009" x="2508" y="866" width="420" height="416" frameX="-2" frameY="0" frameWidth="422" frameHeight="416"/>
	<SubTexture name="BF idle dance0010" x="2508" y="866" width="420" height="416" frameX="-2" frameY="0" frameWidth="422" frameHeight="416"/>
	<SubTexture name="BF idle dance0011" x="2508" y="866" width="420" height="416" frameX="-2" frameY="0" frameWidth="422" frameHeight="416"/>
	<SubTexture name="BF idle dance0012" x="2508" y="866" width="420" height="416" frameX="-2" frameY="0" frameWidth="422" frameHeight="416"/>
	<SubTexture name="BF idle dance0013" x="2508" y="866" width="420" height="416" frameX="-2" frameY="0" frameWidth="422" frameHeight="416"/>
</TextureAtlas>
