﻿<?xml version="1.0" encoding="utf-8"?>
<TextureAtlas imagePath="bfCar.png">
	<!-- Created with Adobe Animate version 20.5.0.29329 -->
	<!-- http://www.adobe.com/products/animate.html -->
	<SubTexture name="BF NOTE DOWN0000" x="0" y="0" width="374" height="357" pivotX="-19.15" pivotY="-12.2" frameX="-5" frameY="-5" frameWidth="379" frameHeight="362"/>
	<SubTexture name="BF NOTE DOWN0001" x="0" y="0" width="374" height="357" frameX="-5" frameY="-5" frameWidth="379" frameHeight="362"/>
	<SubTexture name="BF NOTE DOWN0002" x="374" y="0" width="376" height="362" frameX="0" frameY="0" frameWidth="379" frameHeight="362"/>
	<SubTexture name="BF NOTE DOWN0003" x="374" y="0" width="376" height="362" frameX="0" frameY="0" frameWidth="379" frameHeight="362"/>
	<SubTexture name="BF NOTE DOWN0004" x="374" y="0" width="376" height="362" frameX="0" frameY="0" frameWidth="379" frameHeight="362"/>
	<SubTexture name="BF NOTE DOWN0005" x="374" y="0" width="376" height="362" frameX="0" frameY="0" frameWidth="379" frameHeight="362"/>
	<SubTexture name="BF NOTE DOWN0006" x="374" y="0" width="376" height="362" frameX="0" frameY="0" frameWidth="379" frameHeight="362"/>
	<SubTexture name="BF NOTE DOWN0007" x="374" y="0" width="376" height="362" frameX="0" frameY="0" frameWidth="379" frameHeight="362"/>
	<SubTexture name="BF NOTE DOWN0008" x="374" y="0" width="376" height="362" frameX="0" frameY="0" frameWidth="379" frameHeight="362"/>
	<SubTexture name="BF NOTE DOWN0009" x="374" y="0" width="376" height="362" frameX="0" frameY="0" frameWidth="379" frameHeight="362"/>
	<SubTexture name="BF NOTE DOWN0010" x="374" y="0" width="376" height="362" frameX="0" frameY="0" frameWidth="379" frameHeight="362"/>
	<SubTexture name="BF NOTE DOWN0011" x="374" y="0" width="376" height="362" frameX="0" frameY="0" frameWidth="379" frameHeight="362"/>
	<SubTexture name="BF NOTE DOWN0012" x="374" y="0" width="376" height="362" frameX="0" frameY="0" frameWidth="379" frameHeight="362"/>
	<SubTexture name="BF NOTE DOWN0013" x="374" y="0" width="376" height="362" frameX="0" frameY="0" frameWidth="379" frameHeight="362"/>
	<SubTexture name="BF NOTE DOWN0014" x="374" y="0" width="376" height="362" frameX="0" frameY="0" frameWidth="379" frameHeight="362"/>
	<SubTexture name="BF NOTE DOWN0015" x="374" y="0" width="376" height="362" frameX="0" frameY="0" frameWidth="379" frameHeight="362"/>
	<SubTexture name="BF NOTE DOWN0016" x="374" y="0" width="376" height="362" frameX="0" frameY="0" frameWidth="379" frameHeight="362"/>
	<SubTexture name="BF NOTE DOWN0017" x="374" y="0" width="376" height="362" frameX="0" frameY="0" frameWidth="379" frameHeight="362"/>
	<SubTexture name="BF NOTE DOWN0018" x="374" y="0" width="376" height="362" frameX="0" frameY="0" frameWidth="379" frameHeight="362"/>
	<SubTexture name="BF NOTE DOWN0019" x="374" y="0" width="376" height="362" frameX="0" frameY="0" frameWidth="379" frameHeight="362"/>
	<SubTexture name="BF NOTE DOWN0020" x="374" y="0" width="376" height="362" frameX="0" frameY="0" frameWidth="379" frameHeight="362"/>
	<SubTexture name="BF NOTE DOWN0021" x="374" y="0" width="376" height="362" frameX="0" frameY="0" frameWidth="379" frameHeight="362"/>
	<SubTexture name="BF NOTE DOWN0022" x="374" y="0" width="376" height="362" frameX="0" frameY="0" frameWidth="379" frameHeight="362"/>
	<SubTexture name="BF NOTE DOWN0023" x="374" y="0" width="376" height="362" frameX="0" frameY="0" frameWidth="379" frameHeight="362"/>
	<SubTexture name="BF NOTE DOWN0024" x="374" y="0" width="376" height="362" frameX="0" frameY="0" frameWidth="379" frameHeight="362"/>
	<SubTexture name="BF NOTE DOWN0025" x="374" y="0" width="376" height="362" frameX="0" frameY="0" frameWidth="379" frameHeight="362"/>
	<SubTexture name="BF NOTE DOWN0026" x="374" y="0" width="376" height="362" frameX="0" frameY="0" frameWidth="379" frameHeight="362"/>
	<SubTexture name="BF NOTE DOWN0027" x="374" y="0" width="376" height="362" frameX="0" frameY="0" frameWidth="379" frameHeight="362"/>
	<SubTexture name="BF NOTE DOWN0028" x="374" y="0" width="376" height="362" frameX="0" frameY="0" frameWidth="379" frameHeight="362"/>
	<SubTexture name="BF NOTE DOWN0029" x="374" y="0" width="376" height="362" frameX="0" frameY="0" frameWidth="379" frameHeight="362"/>
	<SubTexture name="BF NOTE DOWN MISS0000" x="750" y="0" width="374" height="357" pivotX="-24.15" pivotY="14.4" frameX="0" frameY="-31" frameWidth="418" frameHeight="407"/>
	<SubTexture name="BF NOTE DOWN MISS0001" x="1124" y="0" width="404" height="407" frameX="-12" frameY="0" frameWidth="418" frameHeight="407"/>
	<SubTexture name="BF NOTE DOWN MISS0002" x="1124" y="0" width="404" height="407" frameX="-12" frameY="0" frameWidth="418" frameHeight="407"/>
	<SubTexture name="BF NOTE DOWN MISS0003" x="1528" y="0" width="407" height="402" frameX="-11" frameY="-4" frameWidth="418" frameHeight="407"/>
	<SubTexture name="BF NOTE DOWN MISS0004" x="1528" y="0" width="407" height="402" frameX="-11" frameY="-4" frameWidth="418" frameHeight="407"/>
	<SubTexture name="BF NOTE DOWN MISS0005" x="1528" y="0" width="407" height="402" frameX="-11" frameY="-4" frameWidth="418" frameHeight="407"/>
	<SubTexture name="BF NOTE DOWN MISS0006" x="1528" y="0" width="407" height="402" frameX="-11" frameY="-4" frameWidth="418" frameHeight="407"/>
	<SubTexture name="BF NOTE DOWN MISS0007" x="1528" y="0" width="407" height="402" frameX="-11" frameY="-4" frameWidth="418" frameHeight="407"/>
	<SubTexture name="BF NOTE DOWN MISS0008" x="1528" y="0" width="407" height="402" frameX="-11" frameY="-4" frameWidth="418" frameHeight="407"/>
	<SubTexture name="BF NOTE DOWN MISS0009" x="1528" y="0" width="407" height="402" frameX="-11" frameY="-4" frameWidth="418" frameHeight="407"/>
	<SubTexture name="BF NOTE DOWN MISS0010" x="1528" y="0" width="407" height="402" frameX="-11" frameY="-4" frameWidth="418" frameHeight="407"/>
	<SubTexture name="BF NOTE DOWN MISS0011" x="1528" y="0" width="407" height="402" frameX="-11" frameY="-4" frameWidth="418" frameHeight="407"/>
	<SubTexture name="BF NOTE DOWN MISS0012" x="1528" y="0" width="407" height="402" frameX="-11" frameY="-4" frameWidth="418" frameHeight="407"/>
	<SubTexture name="BF NOTE DOWN MISS0013" x="1528" y="0" width="407" height="402" frameX="-11" frameY="-4" frameWidth="418" frameHeight="407"/>
	<SubTexture name="BF NOTE DOWN MISS0014" x="1528" y="0" width="407" height="402" frameX="-11" frameY="-4" frameWidth="418" frameHeight="407"/>
	<SubTexture name="BF NOTE DOWN MISS0015" x="1528" y="0" width="407" height="402" frameX="-11" frameY="-4" frameWidth="418" frameHeight="407"/>
	<SubTexture name="BF NOTE DOWN MISS0016" x="1528" y="0" width="407" height="402" frameX="-11" frameY="-4" frameWidth="418" frameHeight="407"/>
	<SubTexture name="BF NOTE DOWN MISS0017" x="1528" y="0" width="407" height="402" frameX="-11" frameY="-4" frameWidth="418" frameHeight="407"/>
	<SubTexture name="BF NOTE DOWN MISS0018" x="1528" y="0" width="407" height="402" frameX="-11" frameY="-4" frameWidth="418" frameHeight="407"/>
	<SubTexture name="BF NOTE DOWN MISS0019" x="1528" y="0" width="407" height="402" frameX="-11" frameY="-4" frameWidth="418" frameHeight="407"/>
	<SubTexture name="BF NOTE DOWN MISS0020" x="1528" y="0" width="407" height="402" frameX="-11" frameY="-4" frameWidth="418" frameHeight="407"/>
	<SubTexture name="BF NOTE DOWN MISS0021" x="1528" y="0" width="407" height="402" frameX="-11" frameY="-4" frameWidth="418" frameHeight="407"/>
	<SubTexture name="BF NOTE DOWN MISS0022" x="1528" y="0" width="407" height="402" frameX="-11" frameY="-4" frameWidth="418" frameHeight="407"/>
	<SubTexture name="BF NOTE DOWN MISS0023" x="1528" y="0" width="407" height="402" frameX="-11" frameY="-4" frameWidth="418" frameHeight="407"/>
	<SubTexture name="BF NOTE DOWN MISS0024" x="1528" y="0" width="407" height="402" frameX="-11" frameY="-4" frameWidth="418" frameHeight="407"/>
	<SubTexture name="BF NOTE DOWN MISS0025" x="1528" y="0" width="407" height="402" frameX="-11" frameY="-4" frameWidth="418" frameHeight="407"/>
	<SubTexture name="BF NOTE DOWN MISS0026" x="1528" y="0" width="407" height="402" frameX="-11" frameY="-4" frameWidth="418" frameHeight="407"/>
	<SubTexture name="BF NOTE DOWN MISS0027" x="1528" y="0" width="407" height="402" frameX="-11" frameY="-4" frameWidth="418" frameHeight="407"/>
	<SubTexture name="BF NOTE DOWN MISS0028" x="1528" y="0" width="407" height="402" frameX="-11" frameY="-4" frameWidth="418" frameHeight="407"/>
	<SubTexture name="BF NOTE LEFT0000" x="1935" y="0" width="380" height="406" pivotX="-291.15" pivotY="194" frameX="0" frameY="0" frameWidth="382" frameHeight="406"/>
	<SubTexture name="BF NOTE LEFT0001" x="1935" y="0" width="380" height="406" frameX="0" frameY="0" frameWidth="382" frameHeight="406"/>
	<SubTexture name="BF NOTE LEFT0002" x="2315" y="0" width="377" height="404" frameX="-5" frameY="-2" frameWidth="382" frameHeight="406"/>
	<SubTexture name="BF NOTE LEFT0003" x="2315" y="0" width="377" height="404" frameX="-5" frameY="-2" frameWidth="382" frameHeight="406"/>
	<SubTexture name="BF NOTE LEFT0004" x="2315" y="0" width="377" height="404" frameX="-5" frameY="-2" frameWidth="382" frameHeight="406"/>
	<SubTexture name="BF NOTE LEFT0005" x="2315" y="0" width="377" height="404" frameX="-5" frameY="-2" frameWidth="382" frameHeight="406"/>
	<SubTexture name="BF NOTE LEFT0006" x="2315" y="0" width="377" height="404" frameX="-5" frameY="-2" frameWidth="382" frameHeight="406"/>
	<SubTexture name="BF NOTE LEFT0007" x="2315" y="0" width="377" height="404" frameX="-5" frameY="-2" frameWidth="382" frameHeight="406"/>
	<SubTexture name="BF NOTE LEFT0008" x="2315" y="0" width="377" height="404" frameX="-5" frameY="-2" frameWidth="382" frameHeight="406"/>
	<SubTexture name="BF NOTE LEFT0009" x="2315" y="0" width="377" height="404" frameX="-5" frameY="-2" frameWidth="382" frameHeight="406"/>
	<SubTexture name="BF NOTE LEFT0010" x="2315" y="0" width="377" height="404" frameX="-5" frameY="-2" frameWidth="382" frameHeight="406"/>
	<SubTexture name="BF NOTE LEFT0011" x="2315" y="0" width="377" height="404" frameX="-5" frameY="-2" frameWidth="382" frameHeight="406"/>
	<SubTexture name="BF NOTE LEFT0012" x="2315" y="0" width="377" height="404" frameX="-5" frameY="-2" frameWidth="382" frameHeight="406"/>
	<SubTexture name="BF NOTE LEFT0013" x="2315" y="0" width="377" height="404" frameX="-5" frameY="-2" frameWidth="382" frameHeight="406"/>
	<SubTexture name="BF NOTE LEFT0014" x="2315" y="0" width="377" height="404" frameX="-5" frameY="-2" frameWidth="382" frameHeight="406"/>
	<SubTexture name="BF NOTE LEFT MISS0000" x="2692" y="0" width="380" height="406" pivotX="-291.15" pivotY="220.15" frameX="0" frameY="-26" frameWidth="380" frameHeight="432"/>
	<SubTexture name="BF NOTE LEFT MISS0001" x="3072" y="0" width="367" height="430" frameX="-10" frameY="0" frameWidth="380" frameHeight="432"/>
	<SubTexture name="BF NOTE LEFT MISS0002" x="3072" y="0" width="367" height="430" frameX="-10" frameY="0" frameWidth="380" frameHeight="432"/>
	<SubTexture name="BF NOTE LEFT MISS0003" x="3439" y="0" width="369" height="430" frameX="-8" frameY="0" frameWidth="380" frameHeight="432"/>
	<SubTexture name="BF NOTE LEFT MISS0004" x="3439" y="0" width="369" height="430" frameX="-8" frameY="0" frameWidth="380" frameHeight="432"/>
	<SubTexture name="BF NOTE LEFT MISS0005" x="3439" y="0" width="369" height="430" frameX="-8" frameY="0" frameWidth="380" frameHeight="432"/>
	<SubTexture name="BF NOTE LEFT MISS0006" x="3439" y="0" width="369" height="430" frameX="-8" frameY="0" frameWidth="380" frameHeight="432"/>
	<SubTexture name="BF NOTE LEFT MISS0007" x="3439" y="0" width="369" height="430" frameX="-8" frameY="0" frameWidth="380" frameHeight="432"/>
	<SubTexture name="BF NOTE LEFT MISS0008" x="3439" y="0" width="369" height="430" frameX="-8" frameY="0" frameWidth="380" frameHeight="432"/>
	<SubTexture name="BF NOTE LEFT MISS0009" x="3439" y="0" width="369" height="430" frameX="-8" frameY="0" frameWidth="380" frameHeight="432"/>
	<SubTexture name="BF NOTE LEFT MISS0010" x="3439" y="0" width="369" height="430" frameX="-8" frameY="0" frameWidth="380" frameHeight="432"/>
	<SubTexture name="BF NOTE LEFT MISS0011" x="3439" y="0" width="369" height="430" frameX="-8" frameY="0" frameWidth="380" frameHeight="432"/>
	<SubTexture name="BF NOTE LEFT MISS0012" x="3439" y="0" width="369" height="430" frameX="-8" frameY="0" frameWidth="380" frameHeight="432"/>
	<SubTexture name="BF NOTE LEFT MISS0013" x="3439" y="0" width="369" height="430" frameX="-8" frameY="0" frameWidth="380" frameHeight="432"/>
	<SubTexture name="BF NOTE LEFT MISS0014" x="3439" y="0" width="369" height="430" frameX="-8" frameY="0" frameWidth="380" frameHeight="432"/>
	<SubTexture name="BF NOTE LEFT MISS0015" x="3439" y="0" width="369" height="430" frameX="-8" frameY="0" frameWidth="380" frameHeight="432"/>
	<SubTexture name="BF NOTE LEFT MISS0016" x="3439" y="0" width="369" height="430" frameX="-8" frameY="0" frameWidth="380" frameHeight="432"/>
	<SubTexture name="BF NOTE LEFT MISS0017" x="3439" y="0" width="369" height="430" frameX="-8" frameY="0" frameWidth="380" frameHeight="432"/>
	<SubTexture name="BF NOTE LEFT MISS0018" x="3439" y="0" width="369" height="430" frameX="-8" frameY="0" frameWidth="380" frameHeight="432"/>
	<SubTexture name="BF NOTE LEFT MISS0019" x="3439" y="0" width="369" height="430" frameX="-8" frameY="0" frameWidth="380" frameHeight="432"/>
	<SubTexture name="BF NOTE LEFT MISS0020" x="3439" y="0" width="369" height="430" frameX="-8" frameY="0" frameWidth="380" frameHeight="432"/>
	<SubTexture name="BF NOTE LEFT MISS0021" x="3439" y="0" width="369" height="430" frameX="-8" frameY="0" frameWidth="380" frameHeight="432"/>
	<SubTexture name="BF NOTE LEFT MISS0022" x="3439" y="0" width="369" height="430" frameX="-8" frameY="0" frameWidth="380" frameHeight="432"/>
	<SubTexture name="BF NOTE LEFT MISS0023" x="3439" y="0" width="369" height="430" frameX="-8" frameY="0" frameWidth="380" frameHeight="432"/>
	<SubTexture name="BF NOTE LEFT MISS0024" x="3439" y="0" width="369" height="430" frameX="-8" frameY="0" frameWidth="380" frameHeight="432"/>
	<SubTexture name="BF NOTE LEFT MISS0025" x="3439" y="0" width="369" height="430" frameX="-8" frameY="0" frameWidth="380" frameHeight="432"/>
	<SubTexture name="BF NOTE LEFT MISS0026" x="3439" y="0" width="369" height="430" frameX="-8" frameY="0" frameWidth="380" frameHeight="432"/>
	<SubTexture name="BF NOTE LEFT MISS0027" x="3439" y="0" width="369" height="430" frameX="-8" frameY="0" frameWidth="380" frameHeight="432"/>
	<SubTexture name="BF NOTE LEFT MISS0028" x="3439" y="0" width="369" height="430" frameX="-8" frameY="0" frameWidth="380" frameHeight="432"/>
	<SubTexture name="BF NOTE LEFT MISS0029" x="3439" y="0" width="369" height="430" frameX="-8" frameY="0" frameWidth="380" frameHeight="432"/>
	<SubTexture name="BF NOTE LEFT MISS0030" x="3439" y="0" width="369" height="430" frameX="-8" frameY="0" frameWidth="380" frameHeight="432"/>
	<SubTexture name="BF NOTE LEFT MISS0031" x="3439" y="0" width="369" height="430" frameX="-8" frameY="0" frameWidth="380" frameHeight="432"/>
	<SubTexture name="BF NOTE LEFT MISS0032" x="3439" y="0" width="369" height="430" frameX="-8" frameY="0" frameWidth="380" frameHeight="432"/>
	<SubTexture name="BF NOTE LEFT MISS0033" x="3439" y="0" width="369" height="430" frameX="-8" frameY="0" frameWidth="380" frameHeight="432"/>
	<SubTexture name="BF NOTE RIGHT0000" x="0" y="430" width="408" height="405" pivotX="-344.85" pivotY="195.7" frameX="-1" frameY="-2" frameWidth="409" frameHeight="407"/>
	<SubTexture name="BF NOTE RIGHT0001" x="0" y="430" width="408" height="405" frameX="-1" frameY="-2" frameWidth="409" frameHeight="407"/>
	<SubTexture name="BF NOTE RIGHT0002" x="408" y="430" width="408" height="407" frameX="0" frameY="0" frameWidth="409" frameHeight="407"/>
	<SubTexture name="BF NOTE RIGHT0003" x="408" y="430" width="408" height="407" frameX="0" frameY="0" frameWidth="409" frameHeight="407"/>
	<SubTexture name="BF NOTE RIGHT0004" x="408" y="430" width="408" height="407" frameX="0" frameY="0" frameWidth="409" frameHeight="407"/>
	<SubTexture name="BF NOTE RIGHT0005" x="408" y="430" width="408" height="407" frameX="0" frameY="0" frameWidth="409" frameHeight="407"/>
	<SubTexture name="BF NOTE RIGHT0006" x="408" y="430" width="408" height="407" frameX="0" frameY="0" frameWidth="409" frameHeight="407"/>
	<SubTexture name="BF NOTE RIGHT0007" x="408" y="430" width="408" height="407" frameX="0" frameY="0" frameWidth="409" frameHeight="407"/>
	<SubTexture name="BF NOTE RIGHT0008" x="408" y="430" width="408" height="407" frameX="0" frameY="0" frameWidth="409" frameHeight="407"/>
	<SubTexture name="BF NOTE RIGHT0009" x="408" y="430" width="408" height="407" frameX="0" frameY="0" frameWidth="409" frameHeight="407"/>
	<SubTexture name="BF NOTE RIGHT0010" x="408" y="430" width="408" height="407" frameX="0" frameY="0" frameWidth="409" frameHeight="407"/>
	<SubTexture name="BF NOTE RIGHT0011" x="408" y="430" width="408" height="407" frameX="0" frameY="0" frameWidth="409" frameHeight="407"/>
	<SubTexture name="BF NOTE RIGHT0012" x="408" y="430" width="408" height="407" frameX="0" frameY="0" frameWidth="409" frameHeight="407"/>
	<SubTexture name="BF NOTE RIGHT0013" x="408" y="430" width="408" height="407" frameX="0" frameY="0" frameWidth="409" frameHeight="407"/>
	<SubTexture name="BF NOTE RIGHT0014" x="408" y="430" width="408" height="407" frameX="0" frameY="0" frameWidth="409" frameHeight="407"/>
	<SubTexture name="BF NOTE RIGHT0015" x="408" y="430" width="408" height="407" frameX="0" frameY="0" frameWidth="409" frameHeight="407"/>
	<SubTexture name="BF NOTE RIGHT0016" x="408" y="430" width="408" height="407" frameX="0" frameY="0" frameWidth="409" frameHeight="407"/>
	<SubTexture name="BF NOTE RIGHT0017" x="408" y="430" width="408" height="407" frameX="0" frameY="0" frameWidth="409" frameHeight="407"/>
	<SubTexture name="BF NOTE RIGHT0018" x="408" y="430" width="408" height="407" frameX="0" frameY="0" frameWidth="409" frameHeight="407"/>
	<SubTexture name="BF NOTE RIGHT0019" x="408" y="430" width="408" height="407" frameX="0" frameY="0" frameWidth="409" frameHeight="407"/>
	<SubTexture name="BF NOTE RIGHT0020" x="408" y="430" width="408" height="407" frameX="0" frameY="0" frameWidth="409" frameHeight="407"/>
	<SubTexture name="BF NOTE RIGHT0021" x="408" y="430" width="408" height="407" frameX="0" frameY="0" frameWidth="409" frameHeight="407"/>
	<SubTexture name="BF NOTE RIGHT0022" x="408" y="430" width="408" height="407" frameX="0" frameY="0" frameWidth="409" frameHeight="407"/>
	<SubTexture name="BF NOTE RIGHT0023" x="408" y="430" width="408" height="407" frameX="0" frameY="0" frameWidth="409" frameHeight="407"/>
	<SubTexture name="BF NOTE RIGHT0024" x="408" y="430" width="408" height="407" frameX="0" frameY="0" frameWidth="409" frameHeight="407"/>
	<SubTexture name="BF NOTE RIGHT0025" x="408" y="430" width="408" height="407" frameX="0" frameY="0" frameWidth="409" frameHeight="407"/>
	<SubTexture name="BF NOTE RIGHT0026" x="408" y="430" width="408" height="407" frameX="0" frameY="0" frameWidth="409" frameHeight="407"/>
	<SubTexture name="BF NOTE RIGHT0027" x="408" y="430" width="408" height="407" frameX="0" frameY="0" frameWidth="409" frameHeight="407"/>
	<SubTexture name="BF NOTE RIGHT0028" x="408" y="430" width="408" height="407" frameX="0" frameY="0" frameWidth="409" frameHeight="407"/>
	<SubTexture name="BF NOTE RIGHT0029" x="408" y="430" width="408" height="407" frameX="0" frameY="0" frameWidth="409" frameHeight="407"/>
	<SubTexture name="BF NOTE RIGHT0030" x="408" y="430" width="408" height="407" frameX="0" frameY="0" frameWidth="409" frameHeight="407"/>
	<SubTexture name="BF NOTE RIGHT0031" x="408" y="430" width="408" height="407" frameX="0" frameY="0" frameWidth="409" frameHeight="407"/>
	<SubTexture name="BF NOTE RIGHT0032" x="408" y="430" width="408" height="407" frameX="0" frameY="0" frameWidth="409" frameHeight="407"/>
	<SubTexture name="BF NOTE RIGHT0033" x="408" y="430" width="408" height="407" frameX="0" frameY="0" frameWidth="409" frameHeight="407"/>
	<SubTexture name="BF NOTE RIGHT0034" x="408" y="430" width="408" height="407" frameX="0" frameY="0" frameWidth="409" frameHeight="407"/>
	<SubTexture name="BF NOTE RIGHT0035" x="408" y="430" width="408" height="407" frameX="0" frameY="0" frameWidth="409" frameHeight="407"/>
	<SubTexture name="BF NOTE RIGHT0036" x="408" y="430" width="408" height="407" frameX="0" frameY="0" frameWidth="409" frameHeight="407"/>
	<SubTexture name="BF NOTE RIGHT0037" x="408" y="430" width="408" height="407" frameX="0" frameY="0" frameWidth="409" frameHeight="407"/>
	<SubTexture name="BF NOTE RIGHT0038" x="408" y="430" width="408" height="407" frameX="0" frameY="0" frameWidth="409" frameHeight="407"/>
	<SubTexture name="BF NOTE RIGHT0039" x="408" y="430" width="408" height="407" frameX="0" frameY="0" frameWidth="409" frameHeight="407"/>
	<SubTexture name="BF NOTE RIGHT0040" x="408" y="430" width="408" height="407" frameX="0" frameY="0" frameWidth="409" frameHeight="407"/>
	<SubTexture name="BF NOTE RIGHT0041" x="408" y="430" width="408" height="407" frameX="0" frameY="0" frameWidth="409" frameHeight="407"/>
	<SubTexture name="BF NOTE RIGHT0042" x="408" y="430" width="408" height="407" frameX="0" frameY="0" frameWidth="409" frameHeight="407"/>
	<SubTexture name="BF NOTE RIGHT0043" x="408" y="430" width="408" height="407" frameX="0" frameY="0" frameWidth="409" frameHeight="407"/>
	<SubTexture name="BF NOTE RIGHT0044" x="408" y="430" width="408" height="407" frameX="0" frameY="0" frameWidth="409" frameHeight="407"/>
	<SubTexture name="BF NOTE RIGHT0045" x="408" y="430" width="408" height="407" frameX="0" frameY="0" frameWidth="409" frameHeight="407"/>
	<SubTexture name="BF NOTE RIGHT0046" x="408" y="430" width="408" height="407" frameX="0" frameY="0" frameWidth="409" frameHeight="407"/>
	<SubTexture name="BF NOTE RIGHT0047" x="408" y="430" width="408" height="407" frameX="0" frameY="0" frameWidth="409" frameHeight="407"/>
	<SubTexture name="BF NOTE RIGHT0048" x="408" y="430" width="408" height="407" frameX="0" frameY="0" frameWidth="409" frameHeight="407"/>
	<SubTexture name="BF NOTE RIGHT0049" x="408" y="430" width="408" height="407" frameX="0" frameY="0" frameWidth="409" frameHeight="407"/>
	<SubTexture name="BF NOTE RIGHT0050" x="408" y="430" width="408" height="407" frameX="0" frameY="0" frameWidth="409" frameHeight="407"/>
	<SubTexture name="BF NOTE RIGHT0051" x="408" y="430" width="408" height="407" frameX="0" frameY="0" frameWidth="409" frameHeight="407"/>
	<SubTexture name="BF NOTE RIGHT0052" x="408" y="430" width="408" height="407" frameX="0" frameY="0" frameWidth="409" frameHeight="407"/>
	<SubTexture name="BF NOTE RIGHT0053" x="408" y="430" width="408" height="407" frameX="0" frameY="0" frameWidth="409" frameHeight="407"/>
	<SubTexture name="BF NOTE RIGHT0054" x="408" y="430" width="408" height="407" frameX="0" frameY="0" frameWidth="409" frameHeight="407"/>
	<SubTexture name="BF NOTE RIGHT0055" x="408" y="430" width="408" height="407" frameX="0" frameY="0" frameWidth="409" frameHeight="407"/>
	<SubTexture name="BF NOTE RIGHT0056" x="408" y="430" width="408" height="407" frameX="0" frameY="0" frameWidth="409" frameHeight="407"/>
	<SubTexture name="BF NOTE RIGHT0057" x="408" y="430" width="408" height="407" frameX="0" frameY="0" frameWidth="409" frameHeight="407"/>
	<SubTexture name="BF NOTE RIGHT0058" x="408" y="430" width="408" height="407" frameX="0" frameY="0" frameWidth="409" frameHeight="407"/>
	<SubTexture name="BF NOTE RIGHT0059" x="408" y="430" width="408" height="407" frameX="0" frameY="0" frameWidth="409" frameHeight="407"/>
	<SubTexture name="BF NOTE RIGHT0060" x="408" y="430" width="408" height="407" frameX="0" frameY="0" frameWidth="409" frameHeight="407"/>
	<SubTexture name="BF NOTE RIGHT0061" x="408" y="430" width="408" height="407" frameX="0" frameY="0" frameWidth="409" frameHeight="407"/>
	<SubTexture name="BF NOTE RIGHT MISS0000" x="0" y="430" width="408" height="405" pivotX="-344.85" pivotY="195.7" frameX="-19" frameY="-30" frameWidth="409" frameHeight="407"/>
	<SubTexture name="BF NOTE RIGHT MISS0001" x="816" y="430" width="403" height="426" frameX="0" frameY="0" frameWidth="427" frameHeight="435"/>
	<SubTexture name="BF NOTE RIGHT MISS0002" x="816" y="430" width="403" height="426" frameX="0" frameY="0" frameWidth="427" frameHeight="435"/>
	<SubTexture name="BF NOTE RIGHT MISS0003" x="1219" y="430" width="409" height="426" frameX="-1" frameY="0" frameWidth="427" frameHeight="435"/>
	<SubTexture name="BF NOTE RIGHT MISS0004" x="1219" y="430" width="409" height="426" frameX="-1" frameY="0" frameWidth="427" frameHeight="435"/>
	<SubTexture name="BF NOTE RIGHT MISS0005" x="1219" y="430" width="409" height="426" frameX="-1" frameY="0" frameWidth="427" frameHeight="435"/>
	<SubTexture name="BF NOTE RIGHT MISS0006" x="1219" y="430" width="409" height="426" frameX="-1" frameY="0" frameWidth="427" frameHeight="435"/>
	<SubTexture name="BF NOTE RIGHT MISS0007" x="1219" y="430" width="409" height="426" frameX="-1" frameY="0" frameWidth="427" frameHeight="435"/>
	<SubTexture name="BF NOTE RIGHT MISS0008" x="1219" y="430" width="409" height="426" frameX="-1" frameY="0" frameWidth="427" frameHeight="435"/>
	<SubTexture name="BF NOTE RIGHT MISS0009" x="1219" y="430" width="409" height="426" frameX="-1" frameY="0" frameWidth="427" frameHeight="435"/>
	<SubTexture name="BF NOTE RIGHT MISS0010" x="1219" y="430" width="409" height="426" frameX="-1" frameY="0" frameWidth="427" frameHeight="435"/>
	<SubTexture name="BF NOTE RIGHT MISS0011" x="1219" y="430" width="409" height="426" frameX="-1" frameY="0" frameWidth="427" frameHeight="435"/>
	<SubTexture name="BF NOTE RIGHT MISS0012" x="1219" y="430" width="409" height="426" frameX="-1" frameY="0" frameWidth="427" frameHeight="435"/>
	<SubTexture name="BF NOTE RIGHT MISS0013" x="1219" y="430" width="409" height="426" frameX="-1" frameY="0" frameWidth="427" frameHeight="435"/>
	<SubTexture name="BF NOTE RIGHT MISS0014" x="1219" y="430" width="409" height="426" frameX="-1" frameY="0" frameWidth="427" frameHeight="435"/>
	<SubTexture name="BF NOTE RIGHT MISS0015" x="1219" y="430" width="409" height="426" frameX="-1" frameY="0" frameWidth="427" frameHeight="435"/>
	<SubTexture name="BF NOTE RIGHT MISS0016" x="1219" y="430" width="409" height="426" frameX="-1" frameY="0" frameWidth="427" frameHeight="435"/>
	<SubTexture name="BF NOTE RIGHT MISS0017" x="1219" y="430" width="409" height="426" frameX="-1" frameY="0" frameWidth="427" frameHeight="435"/>
	<SubTexture name="BF NOTE RIGHT MISS0018" x="1219" y="430" width="409" height="426" frameX="-1" frameY="0" frameWidth="427" frameHeight="435"/>
	<SubTexture name="BF NOTE RIGHT MISS0019" x="1219" y="430" width="409" height="426" frameX="-1" frameY="0" frameWidth="427" frameHeight="435"/>
	<SubTexture name="BF NOTE RIGHT MISS0020" x="1219" y="430" width="409" height="426" frameX="-1" frameY="0" frameWidth="427" frameHeight="435"/>
	<SubTexture name="BF NOTE RIGHT MISS0021" x="1219" y="430" width="409" height="426" frameX="-1" frameY="0" frameWidth="427" frameHeight="435"/>
	<SubTexture name="BF NOTE RIGHT MISS0022" x="1219" y="430" width="409" height="426" frameX="-1" frameY="0" frameWidth="427" frameHeight="435"/>
	<SubTexture name="BF NOTE RIGHT MISS0023" x="1219" y="430" width="409" height="426" frameX="-1" frameY="0" frameWidth="427" frameHeight="435"/>
	<SubTexture name="BF NOTE RIGHT MISS0024" x="1219" y="430" width="409" height="426" frameX="-1" frameY="0" frameWidth="427" frameHeight="435"/>
	<SubTexture name="BF NOTE RIGHT MISS0025" x="1219" y="430" width="409" height="426" frameX="-1" frameY="0" frameWidth="427" frameHeight="435"/>
	<SubTexture name="BF NOTE RIGHT MISS0026" x="1219" y="430" width="409" height="426" frameX="-1" frameY="0" frameWidth="427" frameHeight="435"/>
	<SubTexture name="BF NOTE RIGHT MISS0027" x="1219" y="430" width="409" height="426" frameX="-1" frameY="0" frameWidth="427" frameHeight="435"/>
	<SubTexture name="BF NOTE RIGHT MISS0028" x="1219" y="430" width="409" height="426" frameX="-1" frameY="0" frameWidth="427" frameHeight="435"/>
	<SubTexture name="BF NOTE RIGHT MISS0029" x="1219" y="430" width="409" height="426" frameX="-1" frameY="0" frameWidth="427" frameHeight="435"/>
	<SubTexture name="BF NOTE RIGHT MISS0030" x="1219" y="430" width="409" height="426" frameX="-1" frameY="0" frameWidth="427" frameHeight="435"/>
	<SubTexture name="BF NOTE RIGHT MISS0031" x="1219" y="430" width="409" height="426" frameX="-1" frameY="0" frameWidth="427" frameHeight="435"/>
	<SubTexture name="BF NOTE RIGHT MISS0032" x="1219" y="430" width="409" height="426" frameX="-1" frameY="0" frameWidth="427" frameHeight="435"/>
	<SubTexture name="BF NOTE RIGHT MISS0033" x="1219" y="430" width="409" height="426" frameX="-1" frameY="0" frameWidth="427" frameHeight="435"/>
	<SubTexture name="BF NOTE RIGHT MISS0034" x="1219" y="430" width="409" height="426" frameX="-1" frameY="0" frameWidth="427" frameHeight="435"/>
	<SubTexture name="BF NOTE RIGHT MISS0035" x="1219" y="430" width="409" height="426" frameX="-1" frameY="0" frameWidth="427" frameHeight="435"/>
	<SubTexture name="BF NOTE RIGHT MISS0036" x="1219" y="430" width="409" height="426" frameX="-1" frameY="0" frameWidth="427" frameHeight="435"/>
	<SubTexture name="BF NOTE RIGHT MISS0037" x="1219" y="430" width="409" height="426" frameX="-1" frameY="0" frameWidth="427" frameHeight="435"/>
	<SubTexture name="BF NOTE RIGHT MISS0038" x="1219" y="430" width="409" height="426" frameX="-1" frameY="0" frameWidth="427" frameHeight="435"/>
	<SubTexture name="BF NOTE RIGHT MISS0039" x="1219" y="430" width="409" height="426" frameX="-1" frameY="0" frameWidth="427" frameHeight="435"/>
	<SubTexture name="BF NOTE RIGHT MISS0040" x="1219" y="430" width="409" height="426" frameX="-1" frameY="0" frameWidth="427" frameHeight="435"/>
	<SubTexture name="BF NOTE RIGHT MISS0041" x="1219" y="430" width="409" height="426" frameX="-1" frameY="0" frameWidth="427" frameHeight="435"/>
	<SubTexture name="BF NOTE RIGHT MISS0042" x="1219" y="430" width="409" height="426" frameX="-1" frameY="0" frameWidth="427" frameHeight="435"/>
	<SubTexture name="BF NOTE RIGHT MISS0043" x="1219" y="430" width="409" height="426" frameX="-1" frameY="0" frameWidth="427" frameHeight="435"/>
	<SubTexture name="BF NOTE RIGHT MISS0044" x="1219" y="430" width="409" height="426" frameX="-1" frameY="0" frameWidth="427" frameHeight="435"/>
	<SubTexture name="BF NOTE RIGHT MISS0045" x="1219" y="430" width="409" height="426" frameX="-1" frameY="0" frameWidth="427" frameHeight="435"/>
	<SubTexture name="BF NOTE UP0000" x="1628" y="430" width="369" height="446" pivotX="-40.6" pivotY="-36.45" frameX="-2" frameY="0" frameWidth="373" frameHeight="446"/>
	<SubTexture name="BF NOTE UP0001" x="1997" y="430" width="369" height="446" frameX="-2" frameY="0" frameWidth="373" frameHeight="446"/>
	<SubTexture name="BF NOTE UP0002" x="2366" y="430" width="373" height="441" frameX="0" frameY="-5" frameWidth="373" frameHeight="446"/>
	<SubTexture name="BF NOTE UP0003" x="2739" y="430" width="373" height="441" frameX="0" frameY="-5" frameWidth="373" frameHeight="446"/>
	<SubTexture name="BF NOTE UP0004" x="3112" y="430" width="373" height="441" frameX="0" frameY="-5" frameWidth="373" frameHeight="446"/>
	<SubTexture name="BF NOTE UP0005" x="3485" y="430" width="373" height="441" frameX="0" frameY="-5" frameWidth="373" frameHeight="446"/>
	<SubTexture name="BF NOTE UP0006" x="0" y="876" width="373" height="441" frameX="0" frameY="-5" frameWidth="373" frameHeight="446"/>
	<SubTexture name="BF NOTE UP0007" x="373" y="876" width="373" height="441" frameX="0" frameY="-5" frameWidth="373" frameHeight="446"/>
	<SubTexture name="BF NOTE UP0008" x="746" y="876" width="373" height="441" frameX="0" frameY="-5" frameWidth="373" frameHeight="446"/>
	<SubTexture name="BF NOTE UP0009" x="1119" y="876" width="373" height="441" frameX="0" frameY="-5" frameWidth="373" frameHeight="446"/>
	<SubTexture name="BF NOTE UP0010" x="1492" y="876" width="373" height="441" frameX="0" frameY="-5" frameWidth="373" frameHeight="446"/>
	<SubTexture name="BF NOTE UP0011" x="1865" y="876" width="373" height="441" frameX="0" frameY="-5" frameWidth="373" frameHeight="446"/>
	<SubTexture name="BF NOTE UP0012" x="2238" y="876" width="373" height="441" frameX="0" frameY="-5" frameWidth="373" frameHeight="446"/>
	<SubTexture name="BF NOTE UP0013" x="2611" y="876" width="373" height="441" frameX="0" frameY="-5" frameWidth="373" frameHeight="446"/>
	<SubTexture name="BF NOTE UP0014" x="2984" y="876" width="373" height="441" frameX="0" frameY="-5" frameWidth="373" frameHeight="446"/>
	<SubTexture name="BF NOTE UP MISS0000" x="3357" y="876" width="369" height="446" pivotX="-42.55" pivotY="-36.45" frameX="0" frameY="0" frameWidth="409" frameHeight="496"/>
	<SubTexture name="BF NOTE UP MISS0001" x="0" y="1322" width="377" height="448" frameX="-32" frameY="-48" frameWidth="409" frameHeight="496"/>
	<SubTexture name="BF NOTE UP MISS0002" x="0" y="1322" width="377" height="448" frameX="-32" frameY="-48" frameWidth="409" frameHeight="496"/>
	<SubTexture name="BF NOTE UP MISS0003" x="377" y="1322" width="373" height="450" frameX="-33" frameY="-46" frameWidth="409" frameHeight="496"/>
	<SubTexture name="BF NOTE UP MISS0004" x="377" y="1322" width="373" height="450" frameX="-33" frameY="-46" frameWidth="409" frameHeight="496"/>
	<SubTexture name="BF NOTE UP MISS0005" x="377" y="1322" width="373" height="450" frameX="-33" frameY="-46" frameWidth="409" frameHeight="496"/>
	<SubTexture name="BF NOTE UP MISS0006" x="377" y="1322" width="373" height="450" frameX="-33" frameY="-46" frameWidth="409" frameHeight="496"/>
	<SubTexture name="BF NOTE UP MISS0007" x="377" y="1322" width="373" height="450" frameX="-33" frameY="-46" frameWidth="409" frameHeight="496"/>
	<SubTexture name="BF NOTE UP MISS0008" x="377" y="1322" width="373" height="450" frameX="-33" frameY="-46" frameWidth="409" frameHeight="496"/>
	<SubTexture name="BF NOTE UP MISS0009" x="377" y="1322" width="373" height="450" frameX="-33" frameY="-46" frameWidth="409" frameHeight="496"/>
	<SubTexture name="BF NOTE UP MISS0010" x="377" y="1322" width="373" height="450" frameX="-33" frameY="-46" frameWidth="409" frameHeight="496"/>
	<SubTexture name="BF NOTE UP MISS0011" x="377" y="1322" width="373" height="450" frameX="-33" frameY="-46" frameWidth="409" frameHeight="496"/>
	<SubTexture name="BF NOTE UP MISS0012" x="377" y="1322" width="373" height="450" frameX="-33" frameY="-46" frameWidth="409" frameHeight="496"/>
	<SubTexture name="BF NOTE UP MISS0013" x="377" y="1322" width="373" height="450" frameX="-33" frameY="-46" frameWidth="409" frameHeight="496"/>
	<SubTexture name="BF NOTE UP MISS0014" x="377" y="1322" width="373" height="450" frameX="-33" frameY="-46" frameWidth="409" frameHeight="496"/>
	<SubTexture name="BF NOTE UP MISS0015" x="377" y="1322" width="373" height="450" frameX="-33" frameY="-46" frameWidth="409" frameHeight="496"/>
	<SubTexture name="BF NOTE UP MISS0016" x="377" y="1322" width="373" height="450" frameX="-33" frameY="-46" frameWidth="409" frameHeight="496"/>
	<SubTexture name="BF NOTE UP MISS0017" x="377" y="1322" width="373" height="450" frameX="-33" frameY="-46" frameWidth="409" frameHeight="496"/>
	<SubTexture name="BF NOTE UP MISS0018" x="377" y="1322" width="373" height="450" frameX="-33" frameY="-46" frameWidth="409" frameHeight="496"/>
	<SubTexture name="BF NOTE UP MISS0019" x="377" y="1322" width="373" height="450" frameX="-33" frameY="-46" frameWidth="409" frameHeight="496"/>
	<SubTexture name="BF NOTE UP MISS0020" x="377" y="1322" width="373" height="450" frameX="-33" frameY="-46" frameWidth="409" frameHeight="496"/>
	<SubTexture name="BF NOTE UP MISS0021" x="377" y="1322" width="373" height="450" frameX="-33" frameY="-46" frameWidth="409" frameHeight="496"/>
	<SubTexture name="BF NOTE UP MISS0022" x="377" y="1322" width="373" height="450" frameX="-33" frameY="-46" frameWidth="409" frameHeight="496"/>
	<SubTexture name="BF NOTE UP MISS0023" x="377" y="1322" width="373" height="450" frameX="-33" frameY="-46" frameWidth="409" frameHeight="496"/>
	<SubTexture name="BF idle dance0000" x="750" y="1322" width="406" height="392" pivotX="-299.8" pivotY="201.6" frameX="-1" frameY="-20" frameWidth="411" frameHeight="412"/>
	<SubTexture name="BF idle dance0001" x="1156" y="1322" width="406" height="392" frameX="-1" frameY="-20" frameWidth="411" frameHeight="412"/>
	<SubTexture name="BF idle dance0002" x="1562" y="1322" width="408" height="393" frameX="0" frameY="-19" frameWidth="411" frameHeight="412"/>
	<SubTexture name="BF idle dance0003" x="1970" y="1322" width="408" height="393" frameX="0" frameY="-19" frameWidth="411" frameHeight="412"/>
	<SubTexture name="BF idle dance0004" x="2378" y="1322" width="405" height="398" frameX="-3" frameY="-14" frameWidth="411" frameHeight="412"/>
	<SubTexture name="BF idle dance0005" x="2783" y="1322" width="405" height="398" frameX="-3" frameY="-14" frameWidth="411" frameHeight="412"/>
	<SubTexture name="BF idle dance0006" x="3188" y="1322" width="410" height="411" frameX="-1" frameY="-1" frameWidth="411" frameHeight="412"/>
	<SubTexture name="BF idle dance0007" x="3188" y="1322" width="410" height="411" frameX="-1" frameY="-1" frameWidth="411" frameHeight="412"/>
	<SubTexture name="BF idle dance0008" x="3598" y="1322" width="408" height="412" frameX="-2" frameY="0" frameWidth="411" frameHeight="412"/>
	<SubTexture name="BF idle dance0009" x="3598" y="1322" width="408" height="412" frameX="-2" frameY="0" frameWidth="411" frameHeight="412"/>
	<SubTexture name="BF idle dance0010" x="3598" y="1322" width="408" height="412" frameX="-2" frameY="0" frameWidth="411" frameHeight="412"/>
	<SubTexture name="BF idle dance0011" x="3598" y="1322" width="408" height="412" frameX="-2" frameY="0" frameWidth="411" frameHeight="412"/>
	<SubTexture name="BF idle dance0012" x="3598" y="1322" width="408" height="412" frameX="-2" frameY="0" frameWidth="411" frameHeight="412"/>
	<SubTexture name="BF idle dance0013" x="3598" y="1322" width="408" height="412" frameX="-2" frameY="0" frameWidth="411" frameHeight="412"/>
</TextureAtlas>
