﻿<?xml version="1.0" encoding="utf-8"?>
<TextureAtlas imagePath="BOYFRIEND.png">
	<!-- Created with Adobe Animate version 20.5.0.29329 -->
	<!-- http://www.adobe.com/products/animate.html -->
	<SubTexture name="BF Dead Loop0000" x="0" y="0" width="452" height="448" pivotX="-35.7" pivotY="-998.7"/>
	<SubTexture name="BF Dead Loop0001" x="452" y="0" width="452" height="448"/>
	<SubTexture name="BF Dead Loop0002" x="452" y="0" width="452" height="448"/>
	<SubTexture name="BF Dead Loop0003" x="904" y="0" width="452" height="448"/>
	<SubTexture name="BF Dead Loop0004" x="904" y="0" width="452" height="448"/>
	<SubTexture name="BF Dead Loop0005" x="1356" y="0" width="452" height="448"/>
	<SubTexture name="BF Dead Loop0006" x="1356" y="0" width="452" height="448"/>
	<SubTexture name="BF Dead Loop0007" x="1808" y="0" width="452" height="448"/>
	<SubTexture name="BF Dead Loop0008" x="1808" y="0" width="452" height="448"/>
	<SubTexture name="BF Dead Loop0009" x="1808" y="0" width="452" height="448"/>
	<SubTexture name="BF Dead Loop0010" x="1808" y="0" width="452" height="448"/>
	<SubTexture name="BF Dead Loop0011" x="1808" y="0" width="452" height="448"/>
	<SubTexture name="BF Dead Loop0012" x="1808" y="0" width="452" height="448"/>
	<SubTexture name="BF Dead Loop0013" x="1808" y="0" width="452" height="448"/>
	<SubTexture name="BF Dead Loop0014" x="1808" y="0" width="452" height="448"/>
	<SubTexture name="BF Dead Loop0015" x="1808" y="0" width="452" height="448"/>
	<SubTexture name="BF Dead Loop0016" x="1808" y="0" width="452" height="448"/>
	<SubTexture name="BF Dead Loop0017" x="0" y="0" width="452" height="448"/>
	<SubTexture name="BF Dead Loop0018" x="452" y="0" width="452" height="448"/>
	<SubTexture name="BF Dead Loop0019" x="452" y="0" width="452" height="448"/>
	<SubTexture name="BF Dead Loop0020" x="904" y="0" width="452" height="448"/>
	<SubTexture name="BF Dead Loop0021" x="904" y="0" width="452" height="448"/>
	<SubTexture name="BF Dead Loop0022" x="1356" y="0" width="452" height="448"/>
	<SubTexture name="BF Dead Loop0023" x="1356" y="0" width="452" height="448"/>
	<SubTexture name="BF Dead Loop0024" x="1808" y="0" width="452" height="448"/>
	<SubTexture name="BF Dead Loop0025" x="1808" y="0" width="452" height="448"/>
	<SubTexture name="BF Dead Loop0026" x="1808" y="0" width="452" height="448"/>
	<SubTexture name="BF Dead Loop0027" x="1808" y="0" width="452" height="448"/>
	<SubTexture name="BF Dead Loop0028" x="1808" y="0" width="452" height="448"/>
	<SubTexture name="BF Dead Loop0029" x="1808" y="0" width="452" height="448"/>
	<SubTexture name="BF Dead Loop0030" x="1808" y="0" width="452" height="448"/>
	<SubTexture name="BF Dead Loop0031" x="1808" y="0" width="452" height="448"/>
	<SubTexture name="BF Dead Loop0032" x="1808" y="0" width="452" height="448"/>
	<SubTexture name="BF Dead Loop0033" x="1808" y="0" width="452" height="448"/>
	<SubTexture name="BF Dead confirm0000" x="2260" y="0" width="452" height="448" pivotX="-35.7" pivotY="-934.9" frameX="0" frameY="-64" frameWidth="452" frameHeight="512"/>
	<SubTexture name="BF Dead confirm0001" x="2712" y="0" width="452" height="482" frameX="0" frameY="-30" frameWidth="452" frameHeight="512"/>
	<SubTexture name="BF Dead confirm0002" x="3164" y="0" width="452" height="512"/>
	<SubTexture name="BF Dead confirm0003" x="3616" y="0" width="452" height="482" frameX="0" frameY="-30" frameWidth="452" frameHeight="512"/>
	<SubTexture name="BF Dead confirm0004" x="0" y="512" width="452" height="482" frameX="0" frameY="-30" frameWidth="452" frameHeight="512"/>
	<SubTexture name="BF Dead confirm0005" x="452" y="512" width="452" height="482" frameX="0" frameY="-30" frameWidth="452" frameHeight="512"/>
	<SubTexture name="BF Dead confirm0006" x="904" y="512" width="452" height="482" frameX="0" frameY="-30" frameWidth="452" frameHeight="512"/>
	<SubTexture name="BF Dead confirm0007" x="1356" y="512" width="452" height="482" frameX="0" frameY="-30" frameWidth="452" frameHeight="512"/>
	<SubTexture name="BF Dead confirm0008" x="1808" y="512" width="452" height="482" frameX="0" frameY="-30" frameWidth="452" frameHeight="512"/>
	<SubTexture name="BF Dead confirm0009" x="2260" y="512" width="452" height="482" frameX="0" frameY="-30" frameWidth="452" frameHeight="512"/>
	<SubTexture name="BF Dead confirm0010" x="2712" y="512" width="452" height="482" frameX="0" frameY="-30" frameWidth="452" frameHeight="512"/>
	<SubTexture name="BF Dead confirm0011" x="3164" y="512" width="452" height="482" frameX="0" frameY="-30" frameWidth="452" frameHeight="512"/>
	<SubTexture name="BF Dead confirm0012" x="3616" y="512" width="452" height="482" frameX="0" frameY="-30" frameWidth="452" frameHeight="512"/>
	<SubTexture name="BF Dead confirm0013" x="0" y="994" width="452" height="482" frameX="0" frameY="-30" frameWidth="452" frameHeight="512"/>
	<SubTexture name="BF Dead confirm0014" x="452" y="994" width="452" height="482" frameX="0" frameY="-30" frameWidth="452" frameHeight="512"/>
	<SubTexture name="BF Dead confirm0015" x="904" y="994" width="452" height="482" frameX="0" frameY="-30" frameWidth="452" frameHeight="512"/>
	<SubTexture name="BF Dead confirm0016" x="1356" y="994" width="452" height="482" frameX="0" frameY="-30" frameWidth="452" frameHeight="512"/>
	<SubTexture name="BF Dead confirm0017" x="1808" y="994" width="452" height="482" frameX="0" frameY="-30" frameWidth="452" frameHeight="512"/>
	<SubTexture name="BF Dead confirm0018" x="2260" y="994" width="452" height="482" frameX="0" frameY="-30" frameWidth="452" frameHeight="512"/>
	<SubTexture name="BF Dead confirm0019" x="2712" y="994" width="452" height="482" frameX="0" frameY="-30" frameWidth="452" frameHeight="512"/>
	<SubTexture name="BF Dead confirm0020" x="3164" y="994" width="452" height="482" frameX="0" frameY="-30" frameWidth="452" frameHeight="512"/>
	<SubTexture name="BF Dead confirm0021" x="3616" y="994" width="452" height="482" frameX="0" frameY="-30" frameWidth="452" frameHeight="512"/>
	<SubTexture name="BF Dead confirm0022" x="0" y="1476" width="452" height="482" frameX="0" frameY="-30" frameWidth="452" frameHeight="512"/>
	<SubTexture name="BF Dead confirm0023" x="452" y="1476" width="452" height="482" frameX="0" frameY="-30" frameWidth="452" frameHeight="512"/>
	<SubTexture name="BF Dead confirm0024" x="452" y="1476" width="452" height="482" frameX="0" frameY="-30" frameWidth="452" frameHeight="512"/>
	<SubTexture name="BF Dead confirm0025" x="452" y="1476" width="452" height="482" frameX="0" frameY="-30" frameWidth="452" frameHeight="512"/>
	<SubTexture name="BF Dead confirm0026" x="452" y="1476" width="452" height="482" frameX="0" frameY="-30" frameWidth="452" frameHeight="512"/>
	<SubTexture name="BF Dead confirm0027" x="452" y="1476" width="452" height="482" frameX="0" frameY="-30" frameWidth="452" frameHeight="512"/>
	<SubTexture name="BF Dead confirm0028" x="452" y="1476" width="452" height="482" frameX="0" frameY="-30" frameWidth="452" frameHeight="512"/>
	<SubTexture name="BF Dead confirm0029" x="452" y="1476" width="452" height="482" frameX="0" frameY="-30" frameWidth="452" frameHeight="512"/>
	<SubTexture name="BF Dead confirm0030" x="452" y="1476" width="452" height="482" frameX="0" frameY="-30" frameWidth="452" frameHeight="512"/>
	<SubTexture name="BF Dead confirm0031" x="452" y="1476" width="452" height="482" frameX="0" frameY="-30" frameWidth="452" frameHeight="512"/>
	<SubTexture name="BF Dead confirm0032" x="452" y="1476" width="452" height="482" frameX="0" frameY="-30" frameWidth="452" frameHeight="512"/>
	<SubTexture name="BF Dead confirm0033" x="452" y="1476" width="452" height="482" frameX="0" frameY="-30" frameWidth="452" frameHeight="512"/>
	<SubTexture name="BF HEY!!0000" x="904" y="1476" width="417" height="412" pivotX="-298.8" pivotY="202.65" frameX="0" frameY="0" frameWidth="417" frameHeight="414"/>
	<SubTexture name="BF HEY!!0001" x="1321" y="1476" width="417" height="412" frameX="0" frameY="0" frameWidth="417" frameHeight="414"/>
	<SubTexture name="BF HEY!!0002" x="1738" y="1476" width="413" height="410" frameX="-1" frameY="-4" frameWidth="417" frameHeight="414"/>
	<SubTexture name="BF HEY!!0003" x="2151" y="1476" width="413" height="410" frameX="-1" frameY="-4" frameWidth="417" frameHeight="414"/>
	<SubTexture name="BF HEY!!0004" x="2564" y="1476" width="413" height="412" frameX="-2" frameY="-2" frameWidth="417" frameHeight="414"/>
	<SubTexture name="BF HEY!!0005" x="2564" y="1476" width="413" height="412" frameX="-2" frameY="-2" frameWidth="417" frameHeight="414"/>
	<SubTexture name="BF HEY!!0006" x="2564" y="1476" width="413" height="412" frameX="-2" frameY="-2" frameWidth="417" frameHeight="414"/>
	<SubTexture name="BF HEY!!0007" x="2564" y="1476" width="413" height="412" frameX="-2" frameY="-2" frameWidth="417" frameHeight="414"/>
	<SubTexture name="BF HEY!!0008" x="2564" y="1476" width="413" height="412" frameX="-2" frameY="-2" frameWidth="417" frameHeight="414"/>
	<SubTexture name="BF HEY!!0009" x="2564" y="1476" width="413" height="412" frameX="-2" frameY="-2" frameWidth="417" frameHeight="414"/>
	<SubTexture name="BF HEY!!0010" x="2564" y="1476" width="413" height="412" frameX="-2" frameY="-2" frameWidth="417" frameHeight="414"/>
	<SubTexture name="BF HEY!!0011" x="2564" y="1476" width="413" height="412" frameX="-2" frameY="-2" frameWidth="417" frameHeight="414"/>
	<SubTexture name="BF HEY!!0012" x="2564" y="1476" width="413" height="412" frameX="-2" frameY="-2" frameWidth="417" frameHeight="414"/>
	<SubTexture name="BF HEY!!0013" x="2564" y="1476" width="413" height="412" frameX="-2" frameY="-2" frameWidth="417" frameHeight="414"/>
	<SubTexture name="BF HEY!!0014" x="2564" y="1476" width="413" height="412" frameX="-2" frameY="-2" frameWidth="417" frameHeight="414"/>
	<SubTexture name="BF HEY!!0015" x="2564" y="1476" width="413" height="412" frameX="-2" frameY="-2" frameWidth="417" frameHeight="414"/>
	<SubTexture name="BF HEY!!0016" x="2564" y="1476" width="413" height="412" frameX="-2" frameY="-2" frameWidth="417" frameHeight="414"/>
	<SubTexture name="BF HEY!!0017" x="2564" y="1476" width="413" height="412" frameX="-2" frameY="-2" frameWidth="417" frameHeight="414"/>
	<SubTexture name="BF HEY!!0018" x="2564" y="1476" width="413" height="412" frameX="-2" frameY="-2" frameWidth="417" frameHeight="414"/>
	<SubTexture name="BF HEY!!0019" x="2564" y="1476" width="413" height="412" frameX="-2" frameY="-2" frameWidth="417" frameHeight="414"/>
	<SubTexture name="BF HEY!!0020" x="2564" y="1476" width="413" height="412" frameX="-2" frameY="-2" frameWidth="417" frameHeight="414"/>
	<SubTexture name="BF HEY!!0021" x="2564" y="1476" width="413" height="412" frameX="-2" frameY="-2" frameWidth="417" frameHeight="414"/>
	<SubTexture name="BF HEY!!0022" x="2564" y="1476" width="413" height="412" frameX="-2" frameY="-2" frameWidth="417" frameHeight="414"/>
	<SubTexture name="BF HEY!!0023" x="2564" y="1476" width="413" height="412" frameX="-2" frameY="-2" frameWidth="417" frameHeight="414"/>
	<SubTexture name="BF HEY!!0024" x="2564" y="1476" width="413" height="412" frameX="-2" frameY="-2" frameWidth="417" frameHeight="414"/>
	<SubTexture name="BF HEY!!0025" x="2564" y="1476" width="413" height="412" frameX="-2" frameY="-2" frameWidth="417" frameHeight="414"/>
	<SubTexture name="BF NOTE DOWN0000" x="2977" y="1476" width="374" height="357" pivotX="-19.15" pivotY="-12.2" frameX="-5" frameY="-5" frameWidth="379" frameHeight="362"/>
	<SubTexture name="BF NOTE DOWN0001" x="2977" y="1476" width="374" height="357" frameX="-5" frameY="-5" frameWidth="379" frameHeight="362"/>
	<SubTexture name="BF NOTE DOWN0002" x="3351" y="1476" width="376" height="362" frameX="0" frameY="0" frameWidth="379" frameHeight="362"/>
	<SubTexture name="BF NOTE DOWN0003" x="3351" y="1476" width="376" height="362" frameX="0" frameY="0" frameWidth="379" frameHeight="362"/>
	<SubTexture name="BF NOTE DOWN0004" x="3351" y="1476" width="376" height="362" frameX="0" frameY="0" frameWidth="379" frameHeight="362"/>
	<SubTexture name="BF NOTE DOWN0005" x="3351" y="1476" width="376" height="362" frameX="0" frameY="0" frameWidth="379" frameHeight="362"/>
	<SubTexture name="BF NOTE DOWN0006" x="3351" y="1476" width="376" height="362" frameX="0" frameY="0" frameWidth="379" frameHeight="362"/>
	<SubTexture name="BF NOTE DOWN0007" x="3351" y="1476" width="376" height="362" frameX="0" frameY="0" frameWidth="379" frameHeight="362"/>
	<SubTexture name="BF NOTE DOWN0008" x="3351" y="1476" width="376" height="362" frameX="0" frameY="0" frameWidth="379" frameHeight="362"/>
	<SubTexture name="BF NOTE DOWN0009" x="3351" y="1476" width="376" height="362" frameX="0" frameY="0" frameWidth="379" frameHeight="362"/>
	<SubTexture name="BF NOTE DOWN0010" x="3351" y="1476" width="376" height="362" frameX="0" frameY="0" frameWidth="379" frameHeight="362"/>
	<SubTexture name="BF NOTE DOWN0011" x="3351" y="1476" width="376" height="362" frameX="0" frameY="0" frameWidth="379" frameHeight="362"/>
	<SubTexture name="BF NOTE DOWN0012" x="3351" y="1476" width="376" height="362" frameX="0" frameY="0" frameWidth="379" frameHeight="362"/>
	<SubTexture name="BF NOTE DOWN0013" x="3351" y="1476" width="376" height="362" frameX="0" frameY="0" frameWidth="379" frameHeight="362"/>
	<SubTexture name="BF NOTE DOWN0014" x="3351" y="1476" width="376" height="362" frameX="0" frameY="0" frameWidth="379" frameHeight="362"/>
	<SubTexture name="BF NOTE DOWN0015" x="3351" y="1476" width="376" height="362" frameX="0" frameY="0" frameWidth="379" frameHeight="362"/>
	<SubTexture name="BF NOTE DOWN0016" x="3351" y="1476" width="376" height="362" frameX="0" frameY="0" frameWidth="379" frameHeight="362"/>
	<SubTexture name="BF NOTE DOWN0017" x="3351" y="1476" width="376" height="362" frameX="0" frameY="0" frameWidth="379" frameHeight="362"/>
	<SubTexture name="BF NOTE DOWN0018" x="3351" y="1476" width="376" height="362" frameX="0" frameY="0" frameWidth="379" frameHeight="362"/>
	<SubTexture name="BF NOTE DOWN0019" x="3351" y="1476" width="376" height="362" frameX="0" frameY="0" frameWidth="379" frameHeight="362"/>
	<SubTexture name="BF NOTE DOWN0020" x="3351" y="1476" width="376" height="362" frameX="0" frameY="0" frameWidth="379" frameHeight="362"/>
	<SubTexture name="BF NOTE DOWN0021" x="3351" y="1476" width="376" height="362" frameX="0" frameY="0" frameWidth="379" frameHeight="362"/>
	<SubTexture name="BF NOTE DOWN0022" x="3351" y="1476" width="376" height="362" frameX="0" frameY="0" frameWidth="379" frameHeight="362"/>
	<SubTexture name="BF NOTE DOWN0023" x="3351" y="1476" width="376" height="362" frameX="0" frameY="0" frameWidth="379" frameHeight="362"/>
	<SubTexture name="BF NOTE DOWN0024" x="3351" y="1476" width="376" height="362" frameX="0" frameY="0" frameWidth="379" frameHeight="362"/>
	<SubTexture name="BF NOTE DOWN0025" x="3351" y="1476" width="376" height="362" frameX="0" frameY="0" frameWidth="379" frameHeight="362"/>
	<SubTexture name="BF NOTE DOWN0026" x="3351" y="1476" width="376" height="362" frameX="0" frameY="0" frameWidth="379" frameHeight="362"/>
	<SubTexture name="BF NOTE DOWN0027" x="3351" y="1476" width="376" height="362" frameX="0" frameY="0" frameWidth="379" frameHeight="362"/>
	<SubTexture name="BF NOTE DOWN0028" x="3351" y="1476" width="376" height="362" frameX="0" frameY="0" frameWidth="379" frameHeight="362"/>
	<SubTexture name="BF NOTE DOWN0029" x="3351" y="1476" width="376" height="362" frameX="0" frameY="0" frameWidth="379" frameHeight="362"/>
	<SubTexture name="BF NOTE DOWN MISS0000" x="0" y="1958" width="374" height="357" pivotX="-24.15" pivotY="14.4" frameX="0" frameY="-31" frameWidth="418" frameHeight="407"/>
	<SubTexture name="BF NOTE DOWN MISS0001" x="374" y="1958" width="404" height="407" frameX="-12" frameY="0" frameWidth="418" frameHeight="407"/>
	<SubTexture name="BF NOTE DOWN MISS0002" x="374" y="1958" width="404" height="407" frameX="-12" frameY="0" frameWidth="418" frameHeight="407"/>
	<SubTexture name="BF NOTE DOWN MISS0003" x="778" y="1958" width="407" height="402" frameX="-11" frameY="-4" frameWidth="418" frameHeight="407"/>
	<SubTexture name="BF NOTE DOWN MISS0004" x="778" y="1958" width="407" height="402" frameX="-11" frameY="-4" frameWidth="418" frameHeight="407"/>
	<SubTexture name="BF NOTE DOWN MISS0005" x="778" y="1958" width="407" height="402" frameX="-11" frameY="-4" frameWidth="418" frameHeight="407"/>
	<SubTexture name="BF NOTE DOWN MISS0006" x="778" y="1958" width="407" height="402" frameX="-11" frameY="-4" frameWidth="418" frameHeight="407"/>
	<SubTexture name="BF NOTE DOWN MISS0007" x="778" y="1958" width="407" height="402" frameX="-11" frameY="-4" frameWidth="418" frameHeight="407"/>
	<SubTexture name="BF NOTE DOWN MISS0008" x="778" y="1958" width="407" height="402" frameX="-11" frameY="-4" frameWidth="418" frameHeight="407"/>
	<SubTexture name="BF NOTE DOWN MISS0009" x="778" y="1958" width="407" height="402" frameX="-11" frameY="-4" frameWidth="418" frameHeight="407"/>
	<SubTexture name="BF NOTE DOWN MISS0010" x="778" y="1958" width="407" height="402" frameX="-11" frameY="-4" frameWidth="418" frameHeight="407"/>
	<SubTexture name="BF NOTE DOWN MISS0011" x="778" y="1958" width="407" height="402" frameX="-11" frameY="-4" frameWidth="418" frameHeight="407"/>
	<SubTexture name="BF NOTE DOWN MISS0012" x="778" y="1958" width="407" height="402" frameX="-11" frameY="-4" frameWidth="418" frameHeight="407"/>
	<SubTexture name="BF NOTE DOWN MISS0013" x="778" y="1958" width="407" height="402" frameX="-11" frameY="-4" frameWidth="418" frameHeight="407"/>
	<SubTexture name="BF NOTE DOWN MISS0014" x="778" y="1958" width="407" height="402" frameX="-11" frameY="-4" frameWidth="418" frameHeight="407"/>
	<SubTexture name="BF NOTE DOWN MISS0015" x="778" y="1958" width="407" height="402" frameX="-11" frameY="-4" frameWidth="418" frameHeight="407"/>
	<SubTexture name="BF NOTE DOWN MISS0016" x="778" y="1958" width="407" height="402" frameX="-11" frameY="-4" frameWidth="418" frameHeight="407"/>
	<SubTexture name="BF NOTE DOWN MISS0017" x="778" y="1958" width="407" height="402" frameX="-11" frameY="-4" frameWidth="418" frameHeight="407"/>
	<SubTexture name="BF NOTE DOWN MISS0018" x="778" y="1958" width="407" height="402" frameX="-11" frameY="-4" frameWidth="418" frameHeight="407"/>
	<SubTexture name="BF NOTE DOWN MISS0019" x="778" y="1958" width="407" height="402" frameX="-11" frameY="-4" frameWidth="418" frameHeight="407"/>
	<SubTexture name="BF NOTE DOWN MISS0020" x="778" y="1958" width="407" height="402" frameX="-11" frameY="-4" frameWidth="418" frameHeight="407"/>
	<SubTexture name="BF NOTE DOWN MISS0021" x="778" y="1958" width="407" height="402" frameX="-11" frameY="-4" frameWidth="418" frameHeight="407"/>
	<SubTexture name="BF NOTE DOWN MISS0022" x="778" y="1958" width="407" height="402" frameX="-11" frameY="-4" frameWidth="418" frameHeight="407"/>
	<SubTexture name="BF NOTE DOWN MISS0023" x="778" y="1958" width="407" height="402" frameX="-11" frameY="-4" frameWidth="418" frameHeight="407"/>
	<SubTexture name="BF NOTE DOWN MISS0024" x="778" y="1958" width="407" height="402" frameX="-11" frameY="-4" frameWidth="418" frameHeight="407"/>
	<SubTexture name="BF NOTE DOWN MISS0025" x="778" y="1958" width="407" height="402" frameX="-11" frameY="-4" frameWidth="418" frameHeight="407"/>
	<SubTexture name="BF NOTE DOWN MISS0026" x="778" y="1958" width="407" height="402" frameX="-11" frameY="-4" frameWidth="418" frameHeight="407"/>
	<SubTexture name="BF NOTE DOWN MISS0027" x="778" y="1958" width="407" height="402" frameX="-11" frameY="-4" frameWidth="418" frameHeight="407"/>
	<SubTexture name="BF NOTE DOWN MISS0028" x="778" y="1958" width="407" height="402" frameX="-11" frameY="-4" frameWidth="418" frameHeight="407"/>
	<SubTexture name="BF NOTE LEFT0000" x="1185" y="1958" width="380" height="406" pivotX="-291.15" pivotY="194" frameX="0" frameY="0" frameWidth="382" frameHeight="406"/>
	<SubTexture name="BF NOTE LEFT0001" x="1185" y="1958" width="380" height="406" frameX="0" frameY="0" frameWidth="382" frameHeight="406"/>
	<SubTexture name="BF NOTE LEFT0002" x="1565" y="1958" width="377" height="404" frameX="-5" frameY="-2" frameWidth="382" frameHeight="406"/>
	<SubTexture name="BF NOTE LEFT0003" x="1565" y="1958" width="377" height="404" frameX="-5" frameY="-2" frameWidth="382" frameHeight="406"/>
	<SubTexture name="BF NOTE LEFT0004" x="1565" y="1958" width="377" height="404" frameX="-5" frameY="-2" frameWidth="382" frameHeight="406"/>
	<SubTexture name="BF NOTE LEFT0005" x="1565" y="1958" width="377" height="404" frameX="-5" frameY="-2" frameWidth="382" frameHeight="406"/>
	<SubTexture name="BF NOTE LEFT0006" x="1565" y="1958" width="377" height="404" frameX="-5" frameY="-2" frameWidth="382" frameHeight="406"/>
	<SubTexture name="BF NOTE LEFT0007" x="1565" y="1958" width="377" height="404" frameX="-5" frameY="-2" frameWidth="382" frameHeight="406"/>
	<SubTexture name="BF NOTE LEFT0008" x="1565" y="1958" width="377" height="404" frameX="-5" frameY="-2" frameWidth="382" frameHeight="406"/>
	<SubTexture name="BF NOTE LEFT0009" x="1565" y="1958" width="377" height="404" frameX="-5" frameY="-2" frameWidth="382" frameHeight="406"/>
	<SubTexture name="BF NOTE LEFT0010" x="1565" y="1958" width="377" height="404" frameX="-5" frameY="-2" frameWidth="382" frameHeight="406"/>
	<SubTexture name="BF NOTE LEFT0011" x="1565" y="1958" width="377" height="404" frameX="-5" frameY="-2" frameWidth="382" frameHeight="406"/>
	<SubTexture name="BF NOTE LEFT0012" x="1565" y="1958" width="377" height="404" frameX="-5" frameY="-2" frameWidth="382" frameHeight="406"/>
	<SubTexture name="BF NOTE LEFT0013" x="1565" y="1958" width="377" height="404" frameX="-5" frameY="-2" frameWidth="382" frameHeight="406"/>
	<SubTexture name="BF NOTE LEFT0014" x="1565" y="1958" width="377" height="404" frameX="-5" frameY="-2" frameWidth="382" frameHeight="406"/>
	<SubTexture name="BF NOTE LEFT MISS0000" x="1942" y="1958" width="380" height="406" pivotX="-291.15" pivotY="220.15" frameX="0" frameY="-26" frameWidth="380" frameHeight="432"/>
	<SubTexture name="BF NOTE LEFT MISS0001" x="2322" y="1958" width="367" height="430" frameX="-10" frameY="0" frameWidth="380" frameHeight="432"/>
	<SubTexture name="BF NOTE LEFT MISS0002" x="2322" y="1958" width="367" height="430" frameX="-10" frameY="0" frameWidth="380" frameHeight="432"/>
	<SubTexture name="BF NOTE LEFT MISS0003" x="2689" y="1958" width="369" height="430" frameX="-8" frameY="0" frameWidth="380" frameHeight="432"/>
	<SubTexture name="BF NOTE LEFT MISS0004" x="2689" y="1958" width="369" height="430" frameX="-8" frameY="0" frameWidth="380" frameHeight="432"/>
	<SubTexture name="BF NOTE LEFT MISS0005" x="2689" y="1958" width="369" height="430" frameX="-8" frameY="0" frameWidth="380" frameHeight="432"/>
	<SubTexture name="BF NOTE LEFT MISS0006" x="2689" y="1958" width="369" height="430" frameX="-8" frameY="0" frameWidth="380" frameHeight="432"/>
	<SubTexture name="BF NOTE LEFT MISS0007" x="2689" y="1958" width="369" height="430" frameX="-8" frameY="0" frameWidth="380" frameHeight="432"/>
	<SubTexture name="BF NOTE LEFT MISS0008" x="2689" y="1958" width="369" height="430" frameX="-8" frameY="0" frameWidth="380" frameHeight="432"/>
	<SubTexture name="BF NOTE LEFT MISS0009" x="2689" y="1958" width="369" height="430" frameX="-8" frameY="0" frameWidth="380" frameHeight="432"/>
	<SubTexture name="BF NOTE LEFT MISS0010" x="2689" y="1958" width="369" height="430" frameX="-8" frameY="0" frameWidth="380" frameHeight="432"/>
	<SubTexture name="BF NOTE LEFT MISS0011" x="2689" y="1958" width="369" height="430" frameX="-8" frameY="0" frameWidth="380" frameHeight="432"/>
	<SubTexture name="BF NOTE LEFT MISS0012" x="2689" y="1958" width="369" height="430" frameX="-8" frameY="0" frameWidth="380" frameHeight="432"/>
	<SubTexture name="BF NOTE LEFT MISS0013" x="2689" y="1958" width="369" height="430" frameX="-8" frameY="0" frameWidth="380" frameHeight="432"/>
	<SubTexture name="BF NOTE LEFT MISS0014" x="2689" y="1958" width="369" height="430" frameX="-8" frameY="0" frameWidth="380" frameHeight="432"/>
	<SubTexture name="BF NOTE LEFT MISS0015" x="2689" y="1958" width="369" height="430" frameX="-8" frameY="0" frameWidth="380" frameHeight="432"/>
	<SubTexture name="BF NOTE LEFT MISS0016" x="2689" y="1958" width="369" height="430" frameX="-8" frameY="0" frameWidth="380" frameHeight="432"/>
	<SubTexture name="BF NOTE LEFT MISS0017" x="2689" y="1958" width="369" height="430" frameX="-8" frameY="0" frameWidth="380" frameHeight="432"/>
	<SubTexture name="BF NOTE LEFT MISS0018" x="2689" y="1958" width="369" height="430" frameX="-8" frameY="0" frameWidth="380" frameHeight="432"/>
	<SubTexture name="BF NOTE LEFT MISS0019" x="2689" y="1958" width="369" height="430" frameX="-8" frameY="0" frameWidth="380" frameHeight="432"/>
	<SubTexture name="BF NOTE LEFT MISS0020" x="2689" y="1958" width="369" height="430" frameX="-8" frameY="0" frameWidth="380" frameHeight="432"/>
	<SubTexture name="BF NOTE LEFT MISS0021" x="2689" y="1958" width="369" height="430" frameX="-8" frameY="0" frameWidth="380" frameHeight="432"/>
	<SubTexture name="BF NOTE LEFT MISS0022" x="2689" y="1958" width="369" height="430" frameX="-8" frameY="0" frameWidth="380" frameHeight="432"/>
	<SubTexture name="BF NOTE LEFT MISS0023" x="2689" y="1958" width="369" height="430" frameX="-8" frameY="0" frameWidth="380" frameHeight="432"/>
	<SubTexture name="BF NOTE LEFT MISS0024" x="2689" y="1958" width="369" height="430" frameX="-8" frameY="0" frameWidth="380" frameHeight="432"/>
	<SubTexture name="BF NOTE LEFT MISS0025" x="2689" y="1958" width="369" height="430" frameX="-8" frameY="0" frameWidth="380" frameHeight="432"/>
	<SubTexture name="BF NOTE LEFT MISS0026" x="2689" y="1958" width="369" height="430" frameX="-8" frameY="0" frameWidth="380" frameHeight="432"/>
	<SubTexture name="BF NOTE LEFT MISS0027" x="2689" y="1958" width="369" height="430" frameX="-8" frameY="0" frameWidth="380" frameHeight="432"/>
	<SubTexture name="BF NOTE LEFT MISS0028" x="2689" y="1958" width="369" height="430" frameX="-8" frameY="0" frameWidth="380" frameHeight="432"/>
	<SubTexture name="BF NOTE LEFT MISS0029" x="2689" y="1958" width="369" height="430" frameX="-8" frameY="0" frameWidth="380" frameHeight="432"/>
	<SubTexture name="BF NOTE LEFT MISS0030" x="2689" y="1958" width="369" height="430" frameX="-8" frameY="0" frameWidth="380" frameHeight="432"/>
	<SubTexture name="BF NOTE LEFT MISS0031" x="2689" y="1958" width="369" height="430" frameX="-8" frameY="0" frameWidth="380" frameHeight="432"/>
	<SubTexture name="BF NOTE LEFT MISS0032" x="2689" y="1958" width="369" height="430" frameX="-8" frameY="0" frameWidth="380" frameHeight="432"/>
	<SubTexture name="BF NOTE LEFT MISS0033" x="2689" y="1958" width="369" height="430" frameX="-8" frameY="0" frameWidth="380" frameHeight="432"/>
	<SubTexture name="BF NOTE RIGHT0000" x="3058" y="1958" width="408" height="405" pivotX="-344.85" pivotY="195.7" frameX="-1" frameY="-2" frameWidth="409" frameHeight="407"/>
	<SubTexture name="BF NOTE RIGHT0001" x="3058" y="1958" width="408" height="405" frameX="-1" frameY="-2" frameWidth="409" frameHeight="407"/>
	<SubTexture name="BF NOTE RIGHT0002" x="3466" y="1958" width="408" height="407" frameX="0" frameY="0" frameWidth="409" frameHeight="407"/>
	<SubTexture name="BF NOTE RIGHT0003" x="3466" y="1958" width="408" height="407" frameX="0" frameY="0" frameWidth="409" frameHeight="407"/>
	<SubTexture name="BF NOTE RIGHT0004" x="3466" y="1958" width="408" height="407" frameX="0" frameY="0" frameWidth="409" frameHeight="407"/>
	<SubTexture name="BF NOTE RIGHT0005" x="3466" y="1958" width="408" height="407" frameX="0" frameY="0" frameWidth="409" frameHeight="407"/>
	<SubTexture name="BF NOTE RIGHT0006" x="3466" y="1958" width="408" height="407" frameX="0" frameY="0" frameWidth="409" frameHeight="407"/>
	<SubTexture name="BF NOTE RIGHT0007" x="3466" y="1958" width="408" height="407" frameX="0" frameY="0" frameWidth="409" frameHeight="407"/>
	<SubTexture name="BF NOTE RIGHT0008" x="3466" y="1958" width="408" height="407" frameX="0" frameY="0" frameWidth="409" frameHeight="407"/>
	<SubTexture name="BF NOTE RIGHT0009" x="3466" y="1958" width="408" height="407" frameX="0" frameY="0" frameWidth="409" frameHeight="407"/>
	<SubTexture name="BF NOTE RIGHT0010" x="3466" y="1958" width="408" height="407" frameX="0" frameY="0" frameWidth="409" frameHeight="407"/>
	<SubTexture name="BF NOTE RIGHT0011" x="3466" y="1958" width="408" height="407" frameX="0" frameY="0" frameWidth="409" frameHeight="407"/>
	<SubTexture name="BF NOTE RIGHT0012" x="3466" y="1958" width="408" height="407" frameX="0" frameY="0" frameWidth="409" frameHeight="407"/>
	<SubTexture name="BF NOTE RIGHT0013" x="3466" y="1958" width="408" height="407" frameX="0" frameY="0" frameWidth="409" frameHeight="407"/>
	<SubTexture name="BF NOTE RIGHT0014" x="3466" y="1958" width="408" height="407" frameX="0" frameY="0" frameWidth="409" frameHeight="407"/>
	<SubTexture name="BF NOTE RIGHT0015" x="3466" y="1958" width="408" height="407" frameX="0" frameY="0" frameWidth="409" frameHeight="407"/>
	<SubTexture name="BF NOTE RIGHT0016" x="3466" y="1958" width="408" height="407" frameX="0" frameY="0" frameWidth="409" frameHeight="407"/>
	<SubTexture name="BF NOTE RIGHT0017" x="3466" y="1958" width="408" height="407" frameX="0" frameY="0" frameWidth="409" frameHeight="407"/>
	<SubTexture name="BF NOTE RIGHT0018" x="3466" y="1958" width="408" height="407" frameX="0" frameY="0" frameWidth="409" frameHeight="407"/>
	<SubTexture name="BF NOTE RIGHT0019" x="3466" y="1958" width="408" height="407" frameX="0" frameY="0" frameWidth="409" frameHeight="407"/>
	<SubTexture name="BF NOTE RIGHT0020" x="3466" y="1958" width="408" height="407" frameX="0" frameY="0" frameWidth="409" frameHeight="407"/>
	<SubTexture name="BF NOTE RIGHT0021" x="3466" y="1958" width="408" height="407" frameX="0" frameY="0" frameWidth="409" frameHeight="407"/>
	<SubTexture name="BF NOTE RIGHT0022" x="3466" y="1958" width="408" height="407" frameX="0" frameY="0" frameWidth="409" frameHeight="407"/>
	<SubTexture name="BF NOTE RIGHT0023" x="3466" y="1958" width="408" height="407" frameX="0" frameY="0" frameWidth="409" frameHeight="407"/>
	<SubTexture name="BF NOTE RIGHT0024" x="3466" y="1958" width="408" height="407" frameX="0" frameY="0" frameWidth="409" frameHeight="407"/>
	<SubTexture name="BF NOTE RIGHT0025" x="3466" y="1958" width="408" height="407" frameX="0" frameY="0" frameWidth="409" frameHeight="407"/>
	<SubTexture name="BF NOTE RIGHT0026" x="3466" y="1958" width="408" height="407" frameX="0" frameY="0" frameWidth="409" frameHeight="407"/>
	<SubTexture name="BF NOTE RIGHT0027" x="3466" y="1958" width="408" height="407" frameX="0" frameY="0" frameWidth="409" frameHeight="407"/>
	<SubTexture name="BF NOTE RIGHT0028" x="3466" y="1958" width="408" height="407" frameX="0" frameY="0" frameWidth="409" frameHeight="407"/>
	<SubTexture name="BF NOTE RIGHT0029" x="3466" y="1958" width="408" height="407" frameX="0" frameY="0" frameWidth="409" frameHeight="407"/>
	<SubTexture name="BF NOTE RIGHT0030" x="3466" y="1958" width="408" height="407" frameX="0" frameY="0" frameWidth="409" frameHeight="407"/>
	<SubTexture name="BF NOTE RIGHT0031" x="3466" y="1958" width="408" height="407" frameX="0" frameY="0" frameWidth="409" frameHeight="407"/>
	<SubTexture name="BF NOTE RIGHT0032" x="3466" y="1958" width="408" height="407" frameX="0" frameY="0" frameWidth="409" frameHeight="407"/>
	<SubTexture name="BF NOTE RIGHT0033" x="3466" y="1958" width="408" height="407" frameX="0" frameY="0" frameWidth="409" frameHeight="407"/>
	<SubTexture name="BF NOTE RIGHT0034" x="3466" y="1958" width="408" height="407" frameX="0" frameY="0" frameWidth="409" frameHeight="407"/>
	<SubTexture name="BF NOTE RIGHT0035" x="3466" y="1958" width="408" height="407" frameX="0" frameY="0" frameWidth="409" frameHeight="407"/>
	<SubTexture name="BF NOTE RIGHT0036" x="3466" y="1958" width="408" height="407" frameX="0" frameY="0" frameWidth="409" frameHeight="407"/>
	<SubTexture name="BF NOTE RIGHT0037" x="3466" y="1958" width="408" height="407" frameX="0" frameY="0" frameWidth="409" frameHeight="407"/>
	<SubTexture name="BF NOTE RIGHT0038" x="3466" y="1958" width="408" height="407" frameX="0" frameY="0" frameWidth="409" frameHeight="407"/>
	<SubTexture name="BF NOTE RIGHT0039" x="3466" y="1958" width="408" height="407" frameX="0" frameY="0" frameWidth="409" frameHeight="407"/>
	<SubTexture name="BF NOTE RIGHT0040" x="3466" y="1958" width="408" height="407" frameX="0" frameY="0" frameWidth="409" frameHeight="407"/>
	<SubTexture name="BF NOTE RIGHT0041" x="3466" y="1958" width="408" height="407" frameX="0" frameY="0" frameWidth="409" frameHeight="407"/>
	<SubTexture name="BF NOTE RIGHT0042" x="3466" y="1958" width="408" height="407" frameX="0" frameY="0" frameWidth="409" frameHeight="407"/>
	<SubTexture name="BF NOTE RIGHT0043" x="3466" y="1958" width="408" height="407" frameX="0" frameY="0" frameWidth="409" frameHeight="407"/>
	<SubTexture name="BF NOTE RIGHT0044" x="3466" y="1958" width="408" height="407" frameX="0" frameY="0" frameWidth="409" frameHeight="407"/>
	<SubTexture name="BF NOTE RIGHT0045" x="3466" y="1958" width="408" height="407" frameX="0" frameY="0" frameWidth="409" frameHeight="407"/>
	<SubTexture name="BF NOTE RIGHT0046" x="3466" y="1958" width="408" height="407" frameX="0" frameY="0" frameWidth="409" frameHeight="407"/>
	<SubTexture name="BF NOTE RIGHT0047" x="3466" y="1958" width="408" height="407" frameX="0" frameY="0" frameWidth="409" frameHeight="407"/>
	<SubTexture name="BF NOTE RIGHT0048" x="3466" y="1958" width="408" height="407" frameX="0" frameY="0" frameWidth="409" frameHeight="407"/>
	<SubTexture name="BF NOTE RIGHT0049" x="3466" y="1958" width="408" height="407" frameX="0" frameY="0" frameWidth="409" frameHeight="407"/>
	<SubTexture name="BF NOTE RIGHT0050" x="3466" y="1958" width="408" height="407" frameX="0" frameY="0" frameWidth="409" frameHeight="407"/>
	<SubTexture name="BF NOTE RIGHT0051" x="3466" y="1958" width="408" height="407" frameX="0" frameY="0" frameWidth="409" frameHeight="407"/>
	<SubTexture name="BF NOTE RIGHT0052" x="3466" y="1958" width="408" height="407" frameX="0" frameY="0" frameWidth="409" frameHeight="407"/>
	<SubTexture name="BF NOTE RIGHT0053" x="3466" y="1958" width="408" height="407" frameX="0" frameY="0" frameWidth="409" frameHeight="407"/>
	<SubTexture name="BF NOTE RIGHT0054" x="3466" y="1958" width="408" height="407" frameX="0" frameY="0" frameWidth="409" frameHeight="407"/>
	<SubTexture name="BF NOTE RIGHT0055" x="3466" y="1958" width="408" height="407" frameX="0" frameY="0" frameWidth="409" frameHeight="407"/>
	<SubTexture name="BF NOTE RIGHT0056" x="3466" y="1958" width="408" height="407" frameX="0" frameY="0" frameWidth="409" frameHeight="407"/>
	<SubTexture name="BF NOTE RIGHT0057" x="3466" y="1958" width="408" height="407" frameX="0" frameY="0" frameWidth="409" frameHeight="407"/>
	<SubTexture name="BF NOTE RIGHT0058" x="3466" y="1958" width="408" height="407" frameX="0" frameY="0" frameWidth="409" frameHeight="407"/>
	<SubTexture name="BF NOTE RIGHT0059" x="3466" y="1958" width="408" height="407" frameX="0" frameY="0" frameWidth="409" frameHeight="407"/>
	<SubTexture name="BF NOTE RIGHT0060" x="3466" y="1958" width="408" height="407" frameX="0" frameY="0" frameWidth="409" frameHeight="407"/>
	<SubTexture name="BF NOTE RIGHT0061" x="3466" y="1958" width="408" height="407" frameX="0" frameY="0" frameWidth="409" frameHeight="407"/>
	<SubTexture name="BF NOTE RIGHT MISS0000" x="3058" y="1958" width="408" height="405" pivotX="-344.85" pivotY="195.7" frameX="-19" frameY="-30" frameWidth="409" frameHeight="407"/>
	<SubTexture name="BF NOTE RIGHT MISS0001" x="0" y="2388" width="403" height="426" frameX="0" frameY="0" frameWidth="427" frameHeight="435"/>
	<SubTexture name="BF NOTE RIGHT MISS0002" x="0" y="2388" width="403" height="426" frameX="0" frameY="0" frameWidth="427" frameHeight="435"/>
	<SubTexture name="BF NOTE RIGHT MISS0003" x="403" y="2388" width="409" height="426" frameX="-1" frameY="0" frameWidth="427" frameHeight="435"/>
	<SubTexture name="BF NOTE RIGHT MISS0004" x="403" y="2388" width="409" height="426" frameX="-1" frameY="0" frameWidth="427" frameHeight="435"/>
	<SubTexture name="BF NOTE RIGHT MISS0005" x="403" y="2388" width="409" height="426" frameX="-1" frameY="0" frameWidth="427" frameHeight="435"/>
	<SubTexture name="BF NOTE RIGHT MISS0006" x="403" y="2388" width="409" height="426" frameX="-1" frameY="0" frameWidth="427" frameHeight="435"/>
	<SubTexture name="BF NOTE RIGHT MISS0007" x="403" y="2388" width="409" height="426" frameX="-1" frameY="0" frameWidth="427" frameHeight="435"/>
	<SubTexture name="BF NOTE RIGHT MISS0008" x="403" y="2388" width="409" height="426" frameX="-1" frameY="0" frameWidth="427" frameHeight="435"/>
	<SubTexture name="BF NOTE RIGHT MISS0009" x="403" y="2388" width="409" height="426" frameX="-1" frameY="0" frameWidth="427" frameHeight="435"/>
	<SubTexture name="BF NOTE RIGHT MISS0010" x="403" y="2388" width="409" height="426" frameX="-1" frameY="0" frameWidth="427" frameHeight="435"/>
	<SubTexture name="BF NOTE RIGHT MISS0011" x="403" y="2388" width="409" height="426" frameX="-1" frameY="0" frameWidth="427" frameHeight="435"/>
	<SubTexture name="BF NOTE RIGHT MISS0012" x="403" y="2388" width="409" height="426" frameX="-1" frameY="0" frameWidth="427" frameHeight="435"/>
	<SubTexture name="BF NOTE RIGHT MISS0013" x="403" y="2388" width="409" height="426" frameX="-1" frameY="0" frameWidth="427" frameHeight="435"/>
	<SubTexture name="BF NOTE RIGHT MISS0014" x="403" y="2388" width="409" height="426" frameX="-1" frameY="0" frameWidth="427" frameHeight="435"/>
	<SubTexture name="BF NOTE RIGHT MISS0015" x="403" y="2388" width="409" height="426" frameX="-1" frameY="0" frameWidth="427" frameHeight="435"/>
	<SubTexture name="BF NOTE RIGHT MISS0016" x="403" y="2388" width="409" height="426" frameX="-1" frameY="0" frameWidth="427" frameHeight="435"/>
	<SubTexture name="BF NOTE RIGHT MISS0017" x="403" y="2388" width="409" height="426" frameX="-1" frameY="0" frameWidth="427" frameHeight="435"/>
	<SubTexture name="BF NOTE RIGHT MISS0018" x="403" y="2388" width="409" height="426" frameX="-1" frameY="0" frameWidth="427" frameHeight="435"/>
	<SubTexture name="BF NOTE RIGHT MISS0019" x="403" y="2388" width="409" height="426" frameX="-1" frameY="0" frameWidth="427" frameHeight="435"/>
	<SubTexture name="BF NOTE RIGHT MISS0020" x="403" y="2388" width="409" height="426" frameX="-1" frameY="0" frameWidth="427" frameHeight="435"/>
	<SubTexture name="BF NOTE RIGHT MISS0021" x="403" y="2388" width="409" height="426" frameX="-1" frameY="0" frameWidth="427" frameHeight="435"/>
	<SubTexture name="BF NOTE RIGHT MISS0022" x="403" y="2388" width="409" height="426" frameX="-1" frameY="0" frameWidth="427" frameHeight="435"/>
	<SubTexture name="BF NOTE RIGHT MISS0023" x="403" y="2388" width="409" height="426" frameX="-1" frameY="0" frameWidth="427" frameHeight="435"/>
	<SubTexture name="BF NOTE RIGHT MISS0024" x="403" y="2388" width="409" height="426" frameX="-1" frameY="0" frameWidth="427" frameHeight="435"/>
	<SubTexture name="BF NOTE RIGHT MISS0025" x="403" y="2388" width="409" height="426" frameX="-1" frameY="0" frameWidth="427" frameHeight="435"/>
	<SubTexture name="BF NOTE RIGHT MISS0026" x="403" y="2388" width="409" height="426" frameX="-1" frameY="0" frameWidth="427" frameHeight="435"/>
	<SubTexture name="BF NOTE RIGHT MISS0027" x="403" y="2388" width="409" height="426" frameX="-1" frameY="0" frameWidth="427" frameHeight="435"/>
	<SubTexture name="BF NOTE RIGHT MISS0028" x="403" y="2388" width="409" height="426" frameX="-1" frameY="0" frameWidth="427" frameHeight="435"/>
	<SubTexture name="BF NOTE RIGHT MISS0029" x="403" y="2388" width="409" height="426" frameX="-1" frameY="0" frameWidth="427" frameHeight="435"/>
	<SubTexture name="BF NOTE RIGHT MISS0030" x="403" y="2388" width="409" height="426" frameX="-1" frameY="0" frameWidth="427" frameHeight="435"/>
	<SubTexture name="BF NOTE RIGHT MISS0031" x="403" y="2388" width="409" height="426" frameX="-1" frameY="0" frameWidth="427" frameHeight="435"/>
	<SubTexture name="BF NOTE RIGHT MISS0032" x="403" y="2388" width="409" height="426" frameX="-1" frameY="0" frameWidth="427" frameHeight="435"/>
	<SubTexture name="BF NOTE RIGHT MISS0033" x="403" y="2388" width="409" height="426" frameX="-1" frameY="0" frameWidth="427" frameHeight="435"/>
	<SubTexture name="BF NOTE RIGHT MISS0034" x="403" y="2388" width="409" height="426" frameX="-1" frameY="0" frameWidth="427" frameHeight="435"/>
	<SubTexture name="BF NOTE RIGHT MISS0035" x="403" y="2388" width="409" height="426" frameX="-1" frameY="0" frameWidth="427" frameHeight="435"/>
	<SubTexture name="BF NOTE RIGHT MISS0036" x="403" y="2388" width="409" height="426" frameX="-1" frameY="0" frameWidth="427" frameHeight="435"/>
	<SubTexture name="BF NOTE RIGHT MISS0037" x="403" y="2388" width="409" height="426" frameX="-1" frameY="0" frameWidth="427" frameHeight="435"/>
	<SubTexture name="BF NOTE RIGHT MISS0038" x="403" y="2388" width="409" height="426" frameX="-1" frameY="0" frameWidth="427" frameHeight="435"/>
	<SubTexture name="BF NOTE RIGHT MISS0039" x="403" y="2388" width="409" height="426" frameX="-1" frameY="0" frameWidth="427" frameHeight="435"/>
	<SubTexture name="BF NOTE RIGHT MISS0040" x="403" y="2388" width="409" height="426" frameX="-1" frameY="0" frameWidth="427" frameHeight="435"/>
	<SubTexture name="BF NOTE RIGHT MISS0041" x="403" y="2388" width="409" height="426" frameX="-1" frameY="0" frameWidth="427" frameHeight="435"/>
	<SubTexture name="BF NOTE RIGHT MISS0042" x="403" y="2388" width="409" height="426" frameX="-1" frameY="0" frameWidth="427" frameHeight="435"/>
	<SubTexture name="BF NOTE RIGHT MISS0043" x="403" y="2388" width="409" height="426" frameX="-1" frameY="0" frameWidth="427" frameHeight="435"/>
	<SubTexture name="BF NOTE RIGHT MISS0044" x="403" y="2388" width="409" height="426" frameX="-1" frameY="0" frameWidth="427" frameHeight="435"/>
	<SubTexture name="BF NOTE RIGHT MISS0045" x="403" y="2388" width="409" height="426" frameX="-1" frameY="0" frameWidth="427" frameHeight="435"/>
	<SubTexture name="BF NOTE UP0000" x="812" y="2388" width="369" height="446" pivotX="-40.6" pivotY="-36.45" frameX="-2" frameY="0" frameWidth="373" frameHeight="446"/>
	<SubTexture name="BF NOTE UP0001" x="1181" y="2388" width="369" height="446" frameX="-2" frameY="0" frameWidth="373" frameHeight="446"/>
	<SubTexture name="BF NOTE UP0002" x="1550" y="2388" width="373" height="441" frameX="0" frameY="-5" frameWidth="373" frameHeight="446"/>
	<SubTexture name="BF NOTE UP0003" x="1923" y="2388" width="373" height="441" frameX="0" frameY="-5" frameWidth="373" frameHeight="446"/>
	<SubTexture name="BF NOTE UP0004" x="2296" y="2388" width="373" height="441" frameX="0" frameY="-5" frameWidth="373" frameHeight="446"/>
	<SubTexture name="BF NOTE UP0005" x="2669" y="2388" width="373" height="441" frameX="0" frameY="-5" frameWidth="373" frameHeight="446"/>
	<SubTexture name="BF NOTE UP0006" x="3042" y="2388" width="373" height="441" frameX="0" frameY="-5" frameWidth="373" frameHeight="446"/>
	<SubTexture name="BF NOTE UP0007" x="3415" y="2388" width="373" height="441" frameX="0" frameY="-5" frameWidth="373" frameHeight="446"/>
	<SubTexture name="BF NOTE UP0008" x="0" y="2834" width="373" height="441" frameX="0" frameY="-5" frameWidth="373" frameHeight="446"/>
	<SubTexture name="BF NOTE UP0009" x="373" y="2834" width="373" height="441" frameX="0" frameY="-5" frameWidth="373" frameHeight="446"/>
	<SubTexture name="BF NOTE UP0010" x="746" y="2834" width="373" height="441" frameX="0" frameY="-5" frameWidth="373" frameHeight="446"/>
	<SubTexture name="BF NOTE UP0011" x="1119" y="2834" width="373" height="441" frameX="0" frameY="-5" frameWidth="373" frameHeight="446"/>
	<SubTexture name="BF NOTE UP0012" x="1492" y="2834" width="373" height="441" frameX="0" frameY="-5" frameWidth="373" frameHeight="446"/>
	<SubTexture name="BF NOTE UP0013" x="1865" y="2834" width="373" height="441" frameX="0" frameY="-5" frameWidth="373" frameHeight="446"/>
	<SubTexture name="BF NOTE UP0014" x="2238" y="2834" width="373" height="441" frameX="0" frameY="-5" frameWidth="373" frameHeight="446"/>
	<SubTexture name="BF NOTE UP MISS0000" x="2611" y="2834" width="369" height="446" pivotX="-42.55" pivotY="-36.45" frameX="0" frameY="0" frameWidth="409" frameHeight="496"/>
	<SubTexture name="BF NOTE UP MISS0001" x="2980" y="2834" width="377" height="448" frameX="-32" frameY="-48" frameWidth="409" frameHeight="496"/>
	<SubTexture name="BF NOTE UP MISS0002" x="2980" y="2834" width="377" height="448" frameX="-32" frameY="-48" frameWidth="409" frameHeight="496"/>
	<SubTexture name="BF NOTE UP MISS0003" x="3357" y="2834" width="373" height="450" frameX="-33" frameY="-46" frameWidth="409" frameHeight="496"/>
	<SubTexture name="BF NOTE UP MISS0004" x="3357" y="2834" width="373" height="450" frameX="-33" frameY="-46" frameWidth="409" frameHeight="496"/>
	<SubTexture name="BF NOTE UP MISS0005" x="3357" y="2834" width="373" height="450" frameX="-33" frameY="-46" frameWidth="409" frameHeight="496"/>
	<SubTexture name="BF NOTE UP MISS0006" x="3357" y="2834" width="373" height="450" frameX="-33" frameY="-46" frameWidth="409" frameHeight="496"/>
	<SubTexture name="BF NOTE UP MISS0007" x="3357" y="2834" width="373" height="450" frameX="-33" frameY="-46" frameWidth="409" frameHeight="496"/>
	<SubTexture name="BF NOTE UP MISS0008" x="3357" y="2834" width="373" height="450" frameX="-33" frameY="-46" frameWidth="409" frameHeight="496"/>
	<SubTexture name="BF NOTE UP MISS0009" x="3357" y="2834" width="373" height="450" frameX="-33" frameY="-46" frameWidth="409" frameHeight="496"/>
	<SubTexture name="BF NOTE UP MISS0010" x="3357" y="2834" width="373" height="450" frameX="-33" frameY="-46" frameWidth="409" frameHeight="496"/>
	<SubTexture name="BF NOTE UP MISS0011" x="3357" y="2834" width="373" height="450" frameX="-33" frameY="-46" frameWidth="409" frameHeight="496"/>
	<SubTexture name="BF NOTE UP MISS0012" x="3357" y="2834" width="373" height="450" frameX="-33" frameY="-46" frameWidth="409" frameHeight="496"/>
	<SubTexture name="BF NOTE UP MISS0013" x="3357" y="2834" width="373" height="450" frameX="-33" frameY="-46" frameWidth="409" frameHeight="496"/>
	<SubTexture name="BF NOTE UP MISS0014" x="3357" y="2834" width="373" height="450" frameX="-33" frameY="-46" frameWidth="409" frameHeight="496"/>
	<SubTexture name="BF NOTE UP MISS0015" x="3357" y="2834" width="373" height="450" frameX="-33" frameY="-46" frameWidth="409" frameHeight="496"/>
	<SubTexture name="BF NOTE UP MISS0016" x="3357" y="2834" width="373" height="450" frameX="-33" frameY="-46" frameWidth="409" frameHeight="496"/>
	<SubTexture name="BF NOTE UP MISS0017" x="3357" y="2834" width="373" height="450" frameX="-33" frameY="-46" frameWidth="409" frameHeight="496"/>
	<SubTexture name="BF NOTE UP MISS0018" x="3357" y="2834" width="373" height="450" frameX="-33" frameY="-46" frameWidth="409" frameHeight="496"/>
	<SubTexture name="BF NOTE UP MISS0019" x="3357" y="2834" width="373" height="450" frameX="-33" frameY="-46" frameWidth="409" frameHeight="496"/>
	<SubTexture name="BF NOTE UP MISS0020" x="3357" y="2834" width="373" height="450" frameX="-33" frameY="-46" frameWidth="409" frameHeight="496"/>
	<SubTexture name="BF NOTE UP MISS0021" x="3357" y="2834" width="373" height="450" frameX="-33" frameY="-46" frameWidth="409" frameHeight="496"/>
	<SubTexture name="BF NOTE UP MISS0022" x="3357" y="2834" width="373" height="450" frameX="-33" frameY="-46" frameWidth="409" frameHeight="496"/>
	<SubTexture name="BF NOTE UP MISS0023" x="3357" y="2834" width="373" height="450" frameX="-33" frameY="-46" frameWidth="409" frameHeight="496"/>
	<SubTexture name="BF dies0000" x="0" y="3284" width="448" height="415" pivotX="-35.7" pivotY="-992.05" frameX="-1" frameY="0" frameWidth="454" frameHeight="513"/>
	<SubTexture name="BF dies0001" x="448" y="3284" width="448" height="415" frameX="-1" frameY="0" frameWidth="454" frameHeight="513"/>
	<SubTexture name="BF dies0002" x="896" y="3284" width="454" height="412" frameX="0" frameY="-6" frameWidth="454" frameHeight="513"/>
	<SubTexture name="BF dies0003" x="1350" y="3284" width="454" height="412" frameX="0" frameY="-6" frameWidth="454" frameHeight="513"/>
	<SubTexture name="BF dies0004" x="1804" y="3284" width="454" height="412" frameX="0" frameY="-6" frameWidth="454" frameHeight="513"/>
	<SubTexture name="BF dies0005" x="2258" y="3284" width="454" height="412" frameX="0" frameY="-6" frameWidth="454" frameHeight="513"/>
	<SubTexture name="BF dies0006" x="2712" y="3284" width="454" height="412" frameX="0" frameY="-6" frameWidth="454" frameHeight="513"/>
	<SubTexture name="BF dies0007" x="2712" y="3284" width="454" height="412" frameX="0" frameY="-6" frameWidth="454" frameHeight="513"/>
	<SubTexture name="BF dies0008" x="2712" y="3284" width="454" height="412" frameX="0" frameY="-6" frameWidth="454" frameHeight="513"/>
	<SubTexture name="BF dies0009" x="2712" y="3284" width="454" height="412" frameX="0" frameY="-6" frameWidth="454" frameHeight="513"/>
	<SubTexture name="BF dies0010" x="2712" y="3284" width="454" height="412" frameX="0" frameY="-6" frameWidth="454" frameHeight="513"/>
	<SubTexture name="BF dies0011" x="2712" y="3284" width="454" height="412" frameX="0" frameY="-6" frameWidth="454" frameHeight="513"/>
	<SubTexture name="BF dies0012" x="2712" y="3284" width="454" height="412" frameX="0" frameY="-6" frameWidth="454" frameHeight="513"/>
	<SubTexture name="BF dies0013" x="2712" y="3284" width="454" height="412" frameX="0" frameY="-6" frameWidth="454" frameHeight="513"/>
	<SubTexture name="BF dies0014" x="2712" y="3284" width="454" height="412" frameX="0" frameY="-6" frameWidth="454" frameHeight="513"/>
	<SubTexture name="BF dies0015" x="3166" y="3284" width="453" height="412" frameX="0" frameY="-6" frameWidth="454" frameHeight="513"/>
	<SubTexture name="BF dies0016" x="3166" y="3284" width="453" height="412" frameX="0" frameY="-6" frameWidth="454" frameHeight="513"/>
	<SubTexture name="BF dies0017" x="3166" y="3284" width="453" height="412" frameX="0" frameY="-6" frameWidth="454" frameHeight="513"/>
	<SubTexture name="BF dies0018" x="3619" y="3284" width="452" height="412" frameX="0" frameY="-6" frameWidth="454" frameHeight="513"/>
	<SubTexture name="BF dies0019" x="3619" y="3284" width="452" height="412" frameX="0" frameY="-6" frameWidth="454" frameHeight="513"/>
	<SubTexture name="BF dies0020" x="0" y="3699" width="450" height="412" frameX="0" frameY="-6" frameWidth="454" frameHeight="513"/>
	<SubTexture name="BF dies0021" x="0" y="3699" width="450" height="412" frameX="0" frameY="-6" frameWidth="454" frameHeight="513"/>
	<SubTexture name="BF dies0022" x="450" y="3699" width="445" height="412" frameX="0" frameY="-6" frameWidth="454" frameHeight="513"/>
	<SubTexture name="BF dies0023" x="450" y="3699" width="445" height="412" frameX="0" frameY="-6" frameWidth="454" frameHeight="513"/>
	<SubTexture name="BF dies0024" x="895" y="3699" width="439" height="507" frameX="0" frameY="-6" frameWidth="454" frameHeight="513"/>
	<SubTexture name="BF dies0025" x="1334" y="3699" width="446" height="472" frameX="0" frameY="-6" frameWidth="454" frameHeight="513"/>
	<SubTexture name="BF dies0026" x="1334" y="3699" width="446" height="472" frameX="0" frameY="-6" frameWidth="454" frameHeight="513"/>
	<SubTexture name="BF dies0027" x="1780" y="3699" width="450" height="441" frameX="0" frameY="-6" frameWidth="454" frameHeight="513"/>
	<SubTexture name="BF dies0028" x="1780" y="3699" width="450" height="441" frameX="0" frameY="-6" frameWidth="454" frameHeight="513"/>
	<SubTexture name="BF dies0029" x="2230" y="3699" width="452" height="451" frameX="0" frameY="-6" frameWidth="454" frameHeight="513"/>
	<SubTexture name="BF dies0030" x="2230" y="3699" width="452" height="451" frameX="0" frameY="-6" frameWidth="454" frameHeight="513"/>
	<SubTexture name="BF dies0031" x="2682" y="3699" width="452" height="448" frameX="0" frameY="-6" frameWidth="454" frameHeight="513"/>
	<SubTexture name="BF dies0032" x="2682" y="3699" width="452" height="448" frameX="0" frameY="-6" frameWidth="454" frameHeight="513"/>
	<SubTexture name="BF dies0033" x="2682" y="3699" width="452" height="448" frameX="0" frameY="-6" frameWidth="454" frameHeight="513"/>
	<SubTexture name="BF dies0034" x="2682" y="3699" width="452" height="448" frameX="0" frameY="-6" frameWidth="454" frameHeight="513"/>
	<SubTexture name="BF dies0035" x="3134" y="3699" width="452" height="448" frameX="0" frameY="-6" frameWidth="454" frameHeight="513"/>
	<SubTexture name="BF dies0036" x="3586" y="3699" width="452" height="448" frameX="0" frameY="-6" frameWidth="454" frameHeight="513"/>
	<SubTexture name="BF dies0037" x="0" y="4206" width="452" height="448" frameX="0" frameY="-6" frameWidth="454" frameHeight="513"/>
	<SubTexture name="BF dies0038" x="452" y="4206" width="452" height="448" frameX="0" frameY="-6" frameWidth="454" frameHeight="513"/>
	<SubTexture name="BF dies0039" x="904" y="4206" width="452" height="448" frameX="0" frameY="-6" frameWidth="454" frameHeight="513"/>
	<SubTexture name="BF dies0040" x="1356" y="4206" width="452" height="448" frameX="0" frameY="-6" frameWidth="454" frameHeight="513"/>
	<SubTexture name="BF dies0041" x="1808" y="4206" width="452" height="448" frameX="0" frameY="-6" frameWidth="454" frameHeight="513"/>
	<SubTexture name="BF dies0042" x="2260" y="4206" width="452" height="448" frameX="0" frameY="-6" frameWidth="454" frameHeight="513"/>
	<SubTexture name="BF dies0043" x="2712" y="4206" width="452" height="448" frameX="0" frameY="-6" frameWidth="454" frameHeight="513"/>
	<SubTexture name="BF dies0044" x="3164" y="4206" width="452" height="448" frameX="0" frameY="-6" frameWidth="454" frameHeight="513"/>
	<SubTexture name="BF dies0045" x="3616" y="4206" width="452" height="448" frameX="0" frameY="-6" frameWidth="454" frameHeight="513"/>
	<SubTexture name="BF dies0046" x="0" y="4654" width="452" height="448" frameX="0" frameY="-6" frameWidth="454" frameHeight="513"/>
	<SubTexture name="BF dies0047" x="452" y="4654" width="452" height="448" frameX="0" frameY="-6" frameWidth="454" frameHeight="513"/>
	<SubTexture name="BF dies0048" x="904" y="4654" width="452" height="448" frameX="0" frameY="-6" frameWidth="454" frameHeight="513"/>
	<SubTexture name="BF dies0049" x="1356" y="4654" width="452" height="448" frameX="0" frameY="-6" frameWidth="454" frameHeight="513"/>
	<SubTexture name="BF dies0050" x="1808" y="4654" width="452" height="448" frameX="0" frameY="-6" frameWidth="454" frameHeight="513"/>
	<SubTexture name="BF dies0051" x="2260" y="4654" width="452" height="448" frameX="0" frameY="-6" frameWidth="454" frameHeight="513"/>
	<SubTexture name="BF dies0052" x="2712" y="4654" width="452" height="448" frameX="0" frameY="-6" frameWidth="454" frameHeight="513"/>
	<SubTexture name="BF dies0053" x="0" y="0" width="452" height="448" frameX="0" frameY="-6" frameWidth="452" frameHeight="448"/>
	<SubTexture name="BF dies0054" x="3164" y="4654" width="452" height="448" frameX="0" frameY="-6" frameWidth="454" frameHeight="513"/>
	<SubTexture name="BF dies0055" x="3164" y="4654" width="452" height="448" frameX="0" frameY="-6" frameWidth="454" frameHeight="513"/>
	<SubTexture name="BF dies0056" x="3164" y="4654" width="452" height="448" frameX="0" frameY="-6" frameWidth="454" frameHeight="513"/>
	<SubTexture name="BF dies0057" x="3164" y="4654" width="452" height="448" frameX="0" frameY="-6" frameWidth="454" frameHeight="513"/>
	<SubTexture name="BF hit0000" x="3616" y="4654" width="420" height="407" pivotX="-213.3" pivotY="84.7" frameX="0" frameY="-17" frameWidth="454" frameHeight="424"/>
	<SubTexture name="BF hit0001" x="0" y="5102" width="408" height="424" frameX="-7" frameY="0" frameWidth="454" frameHeight="424"/>
	<SubTexture name="BF hit0002" x="408" y="5102" width="395" height="393" frameX="-59" frameY="-21" frameWidth="454" frameHeight="424"/>
	<SubTexture name="BF hit0003" x="803" y="5102" width="395" height="393" frameX="-59" frameY="-21" frameWidth="454" frameHeight="424"/>
	<SubTexture name="BF hit0004" x="1198" y="5102" width="389" height="392" frameX="-58" frameY="-22" frameWidth="454" frameHeight="424"/>
	<SubTexture name="BF hit0005" x="1587" y="5102" width="389" height="392" frameX="-58" frameY="-22" frameWidth="454" frameHeight="424"/>
	<SubTexture name="BF hit0006" x="1976" y="5102" width="399" height="392" frameX="-47" frameY="-22" frameWidth="454" frameHeight="424"/>
	<SubTexture name="BF hit0007" x="2375" y="5102" width="399" height="392" frameX="-47" frameY="-22" frameWidth="454" frameHeight="424"/>
	<SubTexture name="BF hit0008" x="1976" y="5102" width="399" height="392" frameX="-47" frameY="-22" frameWidth="454" frameHeight="424"/>
	<SubTexture name="BF hit0009" x="2375" y="5102" width="399" height="392" frameX="-47" frameY="-22" frameWidth="454" frameHeight="424"/>
	<SubTexture name="BF hit0010" x="1976" y="5102" width="399" height="392" frameX="-47" frameY="-22" frameWidth="454" frameHeight="424"/>
	<SubTexture name="BF hit0011" x="2375" y="5102" width="399" height="392" frameX="-47" frameY="-22" frameWidth="454" frameHeight="424"/>
	<SubTexture name="BF hit0012" x="1976" y="5102" width="399" height="392" frameX="-47" frameY="-22" frameWidth="454" frameHeight="424"/>
	<SubTexture name="BF hit0013" x="2375" y="5102" width="399" height="392" frameX="-47" frameY="-22" frameWidth="454" frameHeight="424"/>
	<SubTexture name="BF hit0014" x="1976" y="5102" width="399" height="392" frameX="-47" frameY="-22" frameWidth="454" frameHeight="424"/>
	<SubTexture name="BF hit0015" x="2375" y="5102" width="399" height="392" frameX="-47" frameY="-22" frameWidth="454" frameHeight="424"/>
	<SubTexture name="BF hit0016" x="1976" y="5102" width="399" height="392" frameX="-47" frameY="-22" frameWidth="454" frameHeight="424"/>
	<SubTexture name="BF hit0017" x="2375" y="5102" width="399" height="392" frameX="-47" frameY="-22" frameWidth="454" frameHeight="424"/>
	<SubTexture name="BF hit0018" x="1976" y="5102" width="399" height="392" frameX="-47" frameY="-22" frameWidth="454" frameHeight="424"/>
	<SubTexture name="BF idle dance0000" x="2774" y="5102" width="406" height="392" pivotX="-299.8" pivotY="201.6" frameX="-1" frameY="-20" frameWidth="411" frameHeight="412"/>
	<SubTexture name="BF idle dance0001" x="3180" y="5102" width="406" height="392" frameX="-1" frameY="-20" frameWidth="411" frameHeight="412"/>
	<SubTexture name="BF idle dance0002" x="3586" y="5102" width="408" height="393" frameX="0" frameY="-19" frameWidth="411" frameHeight="412"/>
	<SubTexture name="BF idle dance0003" x="0" y="5526" width="408" height="393" frameX="0" frameY="-19" frameWidth="411" frameHeight="412"/>
	<SubTexture name="BF idle dance0004" x="408" y="5526" width="405" height="398" frameX="-3" frameY="-14" frameWidth="411" frameHeight="412"/>
	<SubTexture name="BF idle dance0005" x="813" y="5526" width="405" height="398" frameX="-3" frameY="-14" frameWidth="411" frameHeight="412"/>
	<SubTexture name="BF idle dance0006" x="1218" y="5526" width="410" height="411" frameX="-1" frameY="-1" frameWidth="411" frameHeight="412"/>
	<SubTexture name="BF idle dance0007" x="1218" y="5526" width="410" height="411" frameX="-1" frameY="-1" frameWidth="411" frameHeight="412"/>
	<SubTexture name="BF idle dance0008" x="1628" y="5526" width="408" height="412" frameX="-2" frameY="0" frameWidth="411" frameHeight="412"/>
	<SubTexture name="BF idle dance0009" x="1628" y="5526" width="408" height="412" frameX="-2" frameY="0" frameWidth="411" frameHeight="412"/>
	<SubTexture name="BF idle dance0010" x="1628" y="5526" width="408" height="412" frameX="-2" frameY="0" frameWidth="411" frameHeight="412"/>
	<SubTexture name="BF idle dance0011" x="1628" y="5526" width="408" height="412" frameX="-2" frameY="0" frameWidth="411" frameHeight="412"/>
	<SubTexture name="BF idle dance0012" x="1628" y="5526" width="408" height="412" frameX="-2" frameY="0" frameWidth="411" frameHeight="412"/>
	<SubTexture name="BF idle dance0013" x="1628" y="5526" width="408" height="412" frameX="-2" frameY="0" frameWidth="411" frameHeight="412"/>
	<SubTexture name="BF idle shaking0000" x="2036" y="5526" width="408" height="412" pivotX="-300.9" pivotY="202.1" frameX="-1" frameY="-1" frameWidth="410" frameHeight="415"/>
	<SubTexture name="BF idle shaking0001" x="2444" y="5526" width="408" height="413" frameX="-2" frameY="-1" frameWidth="410" frameHeight="415"/>
	<SubTexture name="BF idle shaking0002" x="2852" y="5526" width="408" height="415" frameX="-1" frameY="0" frameWidth="410" frameHeight="415"/>
	<SubTexture name="BF idle shaking0003" x="3260" y="5526" width="410" height="413" frameX="0" frameY="0" frameWidth="410" frameHeight="415"/>
	<SubTexture name="bf pre attack0000" x="3670" y="5526" width="414" height="373" pivotX="-1.95" pivotY="1.55" frameX="0" frameY="-1" frameWidth="414" frameHeight="374"/>
	<SubTexture name="bf pre attack0001" x="3670" y="5526" width="414" height="373" frameX="0" frameY="-1" frameWidth="414" frameHeight="374"/>
	<SubTexture name="bf pre attack0002" x="0" y="5941" width="404" height="374" frameX="-2" frameY="0" frameWidth="414" frameHeight="374"/>
	<SubTexture name="bf pre attack0003" x="0" y="5941" width="404" height="374" frameX="-2" frameY="0" frameWidth="414" frameHeight="374"/>
	<SubTexture name="bf pre attack0004" x="404" y="5941" width="405" height="374" frameX="-2" frameY="0" frameWidth="414" frameHeight="374"/>
	<SubTexture name="bf pre attack0005" x="404" y="5941" width="405" height="374" frameX="-2" frameY="0" frameWidth="414" frameHeight="374"/>
	<SubTexture name="bf pre attack0006" x="404" y="5941" width="405" height="374" frameX="-2" frameY="0" frameWidth="414" frameHeight="374"/>
	<SubTexture name="bf pre attack0007" x="404" y="5941" width="405" height="374" frameX="-2" frameY="0" frameWidth="414" frameHeight="374"/>
	<SubTexture name="bf pre attack0008" x="404" y="5941" width="405" height="374" frameX="-2" frameY="0" frameWidth="414" frameHeight="374"/>
	<SubTexture name="bf pre attack0009" x="404" y="5941" width="405" height="374" frameX="-2" frameY="0" frameWidth="414" frameHeight="374"/>
	<SubTexture name="bf pre attack0010" x="404" y="5941" width="405" height="374" frameX="-2" frameY="0" frameWidth="414" frameHeight="374"/>
	<SubTexture name="bf pre attack0011" x="404" y="5941" width="405" height="374" frameX="-2" frameY="0" frameWidth="414" frameHeight="374"/>
	<SubTexture name="bf pre attack0012" x="404" y="5941" width="405" height="374" frameX="-2" frameY="0" frameWidth="414" frameHeight="374"/>
	<SubTexture name="bf pre attack0013" x="404" y="5941" width="405" height="374" frameX="-2" frameY="0" frameWidth="414" frameHeight="374"/>
	<SubTexture name="bf pre attack0014" x="404" y="5941" width="405" height="374" frameX="-2" frameY="0" frameWidth="414" frameHeight="374"/>
	<SubTexture name="bf pre attack0015" x="404" y="5941" width="405" height="374" frameX="-2" frameY="0" frameWidth="414" frameHeight="374"/>
	<SubTexture name="bf pre attack0016" x="404" y="5941" width="405" height="374" frameX="-2" frameY="0" frameWidth="414" frameHeight="374"/>
	<SubTexture name="bf pre attack0017" x="404" y="5941" width="405" height="374" frameX="-2" frameY="0" frameWidth="414" frameHeight="374"/>
	<SubTexture name="bf pre attack0018" x="404" y="5941" width="405" height="374" frameX="-2" frameY="0" frameWidth="414" frameHeight="374"/>
	<SubTexture name="bf pre attack0019" x="404" y="5941" width="405" height="374" frameX="-2" frameY="0" frameWidth="414" frameHeight="374"/>
	<SubTexture name="bf pre attack0020" x="404" y="5941" width="405" height="374" frameX="-2" frameY="0" frameWidth="414" frameHeight="374"/>
	<SubTexture name="bf pre attack0021" x="404" y="5941" width="405" height="374" frameX="-2" frameY="0" frameWidth="414" frameHeight="374"/>
	<SubTexture name="bf pre attack0022" x="404" y="5941" width="405" height="374" frameX="-2" frameY="0" frameWidth="414" frameHeight="374"/>
	<SubTexture name="bf pre attack0023" x="404" y="5941" width="405" height="374" frameX="-2" frameY="0" frameWidth="414" frameHeight="374"/>
	<SubTexture name="bf pre attack0024" x="404" y="5941" width="405" height="374" frameX="-2" frameY="0" frameWidth="414" frameHeight="374"/>
	<SubTexture name="bf pre attack0025" x="404" y="5941" width="405" height="374" frameX="-2" frameY="0" frameWidth="414" frameHeight="374"/>
	<SubTexture name="bf pre attack0026" x="404" y="5941" width="405" height="374" frameX="-2" frameY="0" frameWidth="414" frameHeight="374"/>
	<SubTexture name="bf pre attack0027" x="404" y="5941" width="405" height="374" frameX="-2" frameY="0" frameWidth="414" frameHeight="374"/>
	<SubTexture name="bf pre attack0028" x="404" y="5941" width="405" height="374" frameX="-2" frameY="0" frameWidth="414" frameHeight="374"/>
	<SubTexture name="bf pre attack0029" x="404" y="5941" width="405" height="374" frameX="-2" frameY="0" frameWidth="414" frameHeight="374"/>
	<SubTexture name="boyfriend attack0000" x="809" y="5941" width="670" height="597" pivotX="54.45" pivotY="355.9" frameX="0" frameY="-87" frameWidth="698" frameHeight="685"/>
	<SubTexture name="boyfriend attack0001" x="809" y="5941" width="670" height="597" frameX="0" frameY="-87" frameWidth="698" frameHeight="685"/>
	<SubTexture name="boyfriend attack0002" x="1479" y="5941" width="573" height="660" frameX="-102" frameY="-24" frameWidth="698" frameHeight="685"/>
	<SubTexture name="boyfriend attack0003" x="1479" y="5941" width="573" height="660" frameX="-102" frameY="-24" frameWidth="698" frameHeight="685"/>
	<SubTexture name="boyfriend attack0004" x="2052" y="5941" width="414" height="684" frameX="-263" frameY="0" frameWidth="698" frameHeight="685"/>
	<SubTexture name="boyfriend attack0005" x="2052" y="5941" width="414" height="684" frameX="-263" frameY="0" frameWidth="698" frameHeight="685"/>
	<SubTexture name="boyfriend attack0006" x="2466" y="5941" width="491" height="630" frameX="-207" frameY="-55" frameWidth="698" frameHeight="685"/>
</TextureAtlas>
