﻿<?xml version="1.0" encoding="utf-8"?>
<TextureAtlas imagePath="campaign_menu_UI_characters.png">
	<!-- Created with Adobe Animate version 20.5.0.29329 -->
	<!-- http://www.adobe.com/products/animate.html -->
	<SubTexture name="BF HEY!!0000" x="0" y="0" width="417" height="412" pivotX="-298.8" pivotY="202.65" frameX="0" frameY="0" frameWidth="417" frameHeight="414"/>
	<SubTexture name="BF HEY!!0001" x="417" y="0" width="417" height="412" frameX="0" frameY="0" frameWidth="417" frameHeight="414"/>
	<SubTexture name="BF HEY!!0002" x="834" y="0" width="413" height="410" frameX="-1" frameY="-4" frameWidth="417" frameHeight="414"/>
	<SubTexture name="BF HEY!!0003" x="1247" y="0" width="413" height="410" frameX="-1" frameY="-4" frameWidth="417" frameHeight="414"/>
	<SubTexture name="BF HEY!!0004" x="1660" y="0" width="413" height="412" frameX="-2" frameY="-2" frameWidth="417" frameHeight="414"/>
	<SubTexture name="BF HEY!!0005" x="1660" y="0" width="413" height="412" frameX="-2" frameY="-2" frameWidth="417" frameHeight="414"/>
	<SubTexture name="BF HEY!!0006" x="1660" y="0" width="413" height="412" frameX="-2" frameY="-2" frameWidth="417" frameHeight="414"/>
	<SubTexture name="BF HEY!!0007" x="1660" y="0" width="413" height="412" frameX="-2" frameY="-2" frameWidth="417" frameHeight="414"/>
	<SubTexture name="BF HEY!!0008" x="1660" y="0" width="413" height="412" frameX="-2" frameY="-2" frameWidth="417" frameHeight="414"/>
	<SubTexture name="BF HEY!!0009" x="1660" y="0" width="413" height="412" frameX="-2" frameY="-2" frameWidth="417" frameHeight="414"/>
	<SubTexture name="BF HEY!!0010" x="1660" y="0" width="413" height="412" frameX="-2" frameY="-2" frameWidth="417" frameHeight="414"/>
	<SubTexture name="BF HEY!!0011" x="1660" y="0" width="413" height="412" frameX="-2" frameY="-2" frameWidth="417" frameHeight="414"/>
	<SubTexture name="BF HEY!!0012" x="1660" y="0" width="413" height="412" frameX="-2" frameY="-2" frameWidth="417" frameHeight="414"/>
	<SubTexture name="BF HEY!!0013" x="1660" y="0" width="413" height="412" frameX="-2" frameY="-2" frameWidth="417" frameHeight="414"/>
	<SubTexture name="BF HEY!!0014" x="1660" y="0" width="413" height="412" frameX="-2" frameY="-2" frameWidth="417" frameHeight="414"/>
	<SubTexture name="BF HEY!!0015" x="1660" y="0" width="413" height="412" frameX="-2" frameY="-2" frameWidth="417" frameHeight="414"/>
	<SubTexture name="BF HEY!!0016" x="1660" y="0" width="413" height="412" frameX="-2" frameY="-2" frameWidth="417" frameHeight="414"/>
	<SubTexture name="BF HEY!!0017" x="1660" y="0" width="413" height="412" frameX="-2" frameY="-2" frameWidth="417" frameHeight="414"/>
	<SubTexture name="BF HEY!!0018" x="1660" y="0" width="413" height="412" frameX="-2" frameY="-2" frameWidth="417" frameHeight="414"/>
	<SubTexture name="BF HEY!!0019" x="1660" y="0" width="413" height="412" frameX="-2" frameY="-2" frameWidth="417" frameHeight="414"/>
	<SubTexture name="BF HEY!!0020" x="1660" y="0" width="413" height="412" frameX="-2" frameY="-2" frameWidth="417" frameHeight="414"/>
	<SubTexture name="BF HEY!!0021" x="1660" y="0" width="413" height="412" frameX="-2" frameY="-2" frameWidth="417" frameHeight="414"/>
	<SubTexture name="BF HEY!!0022" x="1660" y="0" width="413" height="412" frameX="-2" frameY="-2" frameWidth="417" frameHeight="414"/>
	<SubTexture name="BF HEY!!0023" x="1660" y="0" width="413" height="412" frameX="-2" frameY="-2" frameWidth="417" frameHeight="414"/>
	<SubTexture name="BF HEY!!0024" x="1660" y="0" width="413" height="412" frameX="-2" frameY="-2" frameWidth="417" frameHeight="414"/>
	<SubTexture name="BF HEY!!0025" x="1660" y="0" width="413" height="412" frameX="-2" frameY="-2" frameWidth="417" frameHeight="414"/>
	<SubTexture name="BF idle dance white0000" x="2073" y="0" width="406" height="392" pivotX="-299.8" pivotY="201.6" frameX="-1" frameY="-20" frameWidth="411" frameHeight="412"/>
	<SubTexture name="BF idle dance white0001" x="2479" y="0" width="406" height="392" frameX="-1" frameY="-20" frameWidth="411" frameHeight="412"/>
	<SubTexture name="BF idle dance white0002" x="2885" y="0" width="408" height="393" frameX="0" frameY="-19" frameWidth="411" frameHeight="412"/>
	<SubTexture name="BF idle dance white0003" x="3293" y="0" width="408" height="393" frameX="0" frameY="-19" frameWidth="411" frameHeight="412"/>
	<SubTexture name="BF idle dance white0004" x="0" y="412" width="405" height="398" frameX="-3" frameY="-14" frameWidth="411" frameHeight="412"/>
	<SubTexture name="BF idle dance white0005" x="405" y="412" width="405" height="398" frameX="-3" frameY="-14" frameWidth="411" frameHeight="412"/>
	<SubTexture name="BF idle dance white0006" x="810" y="412" width="410" height="411" frameX="-1" frameY="-1" frameWidth="411" frameHeight="412"/>
	<SubTexture name="BF idle dance white0007" x="810" y="412" width="410" height="411" frameX="-1" frameY="-1" frameWidth="411" frameHeight="412"/>
	<SubTexture name="BF idle dance white0008" x="1220" y="412" width="408" height="412" frameX="-2" frameY="0" frameWidth="411" frameHeight="412"/>
	<SubTexture name="BF idle dance white0009" x="1220" y="412" width="408" height="412" frameX="-2" frameY="0" frameWidth="411" frameHeight="412"/>
	<SubTexture name="BF idle dance white0010" x="1220" y="412" width="408" height="412" frameX="-2" frameY="0" frameWidth="411" frameHeight="412"/>
	<SubTexture name="BF idle dance white0011" x="1220" y="412" width="408" height="412" frameX="-2" frameY="0" frameWidth="411" frameHeight="412"/>
	<SubTexture name="BF idle dance white0012" x="1220" y="412" width="408" height="412" frameX="-2" frameY="0" frameWidth="411" frameHeight="412"/>
	<SubTexture name="BF idle dance white0013" x="1220" y="412" width="408" height="412" frameX="-2" frameY="0" frameWidth="411" frameHeight="412"/>
	<SubTexture name="Dad idle dance BLACK LINE0000" x="1628" y="412" width="429" height="759" pivotX="382" pivotY="547.15" frameX="0" frameY="-8" frameWidth="429" frameHeight="767"/>
	<SubTexture name="Dad idle dance BLACK LINE0001" x="1628" y="412" width="429" height="759" frameX="0" frameY="-8" frameWidth="429" frameHeight="767"/>
	<SubTexture name="Dad idle dance BLACK LINE0002" x="2057" y="412" width="424" height="757" frameX="-2" frameY="-10" frameWidth="429" frameHeight="767"/>
	<SubTexture name="Dad idle dance BLACK LINE0003" x="2057" y="412" width="424" height="757" frameX="-2" frameY="-10" frameWidth="429" frameHeight="767"/>
	<SubTexture name="Dad idle dance BLACK LINE0004" x="2481" y="412" width="423" height="759" frameX="-3" frameY="-8" frameWidth="429" frameHeight="767"/>
	<SubTexture name="Dad idle dance BLACK LINE0005" x="2481" y="412" width="423" height="759" frameX="-3" frameY="-8" frameWidth="429" frameHeight="767"/>
	<SubTexture name="Dad idle dance BLACK LINE0006" x="2904" y="412" width="419" height="766" frameX="-5" frameY="-1" frameWidth="429" frameHeight="767"/>
	<SubTexture name="Dad idle dance BLACK LINE0007" x="2904" y="412" width="419" height="766" frameX="-5" frameY="-1" frameWidth="429" frameHeight="767"/>
	<SubTexture name="Dad idle dance BLACK LINE0008" x="3323" y="412" width="419" height="767" frameX="-6" frameY="0" frameWidth="429" frameHeight="767"/>
	<SubTexture name="Dad idle dance BLACK LINE0009" x="3323" y="412" width="419" height="767" frameX="-6" frameY="0" frameWidth="429" frameHeight="767"/>
	<SubTexture name="Dad idle dance BLACK LINE0010" x="0" y="1179" width="419" height="767" frameX="-6" frameY="0" frameWidth="429" frameHeight="767"/>
	<SubTexture name="Dad idle dance BLACK LINE0011" x="0" y="1179" width="419" height="767" frameX="-6" frameY="0" frameWidth="429" frameHeight="767"/>
	<SubTexture name="Dad idle dance BLACK LINE0012" x="0" y="1179" width="419" height="767" frameX="-6" frameY="0" frameWidth="429" frameHeight="767"/>
	<SubTexture name="Dad idle dance BLACK LINE0013" x="0" y="1179" width="419" height="767" frameX="-6" frameY="0" frameWidth="429" frameHeight="767"/>
	<SubTexture name="GF Dancing Beat WHITE0000" x="419" y="1179" width="699" height="634" pivotX="149.4" pivotY="309.7" frameX="-2" frameY="-14" frameWidth="703" frameHeight="648"/>
	<SubTexture name="GF Dancing Beat WHITE0001" x="1118" y="1179" width="703" height="634" frameX="0" frameY="-14" frameWidth="703" frameHeight="648"/>
	<SubTexture name="GF Dancing Beat WHITE0002" x="1821" y="1179" width="703" height="632" frameX="0" frameY="-16" frameWidth="703" frameHeight="648"/>
	<SubTexture name="GF Dancing Beat WHITE0003" x="2524" y="1179" width="699" height="632" frameX="-2" frameY="-16" frameWidth="703" frameHeight="648"/>
	<SubTexture name="GF Dancing Beat WHITE0004" x="3223" y="1179" width="699" height="635" frameX="-2" frameY="-13" frameWidth="703" frameHeight="648"/>
	<SubTexture name="GF Dancing Beat WHITE0005" x="0" y="1946" width="699" height="635" frameX="-2" frameY="-13" frameWidth="703" frameHeight="648"/>
	<SubTexture name="GF Dancing Beat WHITE0006" x="699" y="1946" width="699" height="637" frameX="-2" frameY="-11" frameWidth="703" frameHeight="648"/>
	<SubTexture name="GF Dancing Beat WHITE0007" x="1398" y="1946" width="699" height="648" frameX="-2" frameY="0" frameWidth="703" frameHeight="648"/>
	<SubTexture name="GF Dancing Beat WHITE0008" x="1398" y="1946" width="699" height="648" frameX="-2" frameY="0" frameWidth="703" frameHeight="648"/>
	<SubTexture name="GF Dancing Beat WHITE0009" x="1398" y="1946" width="699" height="648" frameX="-2" frameY="0" frameWidth="703" frameHeight="648"/>
	<SubTexture name="GF Dancing Beat WHITE0010" x="2097" y="1946" width="699" height="648" frameX="-2" frameY="0" frameWidth="703" frameHeight="648"/>
	<SubTexture name="GF Dancing Beat WHITE0011" x="2097" y="1946" width="699" height="648" frameX="-2" frameY="0" frameWidth="703" frameHeight="648"/>
	<SubTexture name="GF Dancing Beat WHITE0012" x="2097" y="1946" width="699" height="648" frameX="-2" frameY="0" frameWidth="703" frameHeight="648"/>
	<SubTexture name="GF Dancing Beat WHITE0013" x="2796" y="1946" width="699" height="648" frameX="-2" frameY="0" frameWidth="703" frameHeight="648"/>
	<SubTexture name="GF Dancing Beat WHITE0014" x="2796" y="1946" width="699" height="648" frameX="-2" frameY="0" frameWidth="703" frameHeight="648"/>
	<SubTexture name="GF Dancing Beat WHITE0015" x="0" y="2594" width="699" height="636" frameX="-2" frameY="-12" frameWidth="703" frameHeight="648"/>
	<SubTexture name="GF Dancing Beat WHITE0016" x="699" y="2594" width="703" height="636" frameX="0" frameY="-12" frameWidth="703" frameHeight="648"/>
	<SubTexture name="GF Dancing Beat WHITE0017" x="1402" y="2594" width="703" height="636" frameX="0" frameY="-12" frameWidth="703" frameHeight="648"/>
	<SubTexture name="GF Dancing Beat WHITE0018" x="2105" y="2594" width="699" height="636" frameX="-2" frameY="-12" frameWidth="703" frameHeight="648"/>
	<SubTexture name="GF Dancing Beat WHITE0019" x="2804" y="2594" width="699" height="637" frameX="-2" frameY="-11" frameWidth="703" frameHeight="648"/>
	<SubTexture name="GF Dancing Beat WHITE0020" x="0" y="3231" width="699" height="637" frameX="-2" frameY="-11" frameWidth="703" frameHeight="648"/>
	<SubTexture name="GF Dancing Beat WHITE0021" x="699" y="3231" width="699" height="638" frameX="-2" frameY="-10" frameWidth="703" frameHeight="648"/>
	<SubTexture name="GF Dancing Beat WHITE0022" x="1398" y="3231" width="699" height="643" frameX="-2" frameY="-5" frameWidth="703" frameHeight="648"/>
	<SubTexture name="GF Dancing Beat WHITE0023" x="1398" y="3231" width="699" height="643" frameX="-2" frameY="-5" frameWidth="703" frameHeight="648"/>
	<SubTexture name="GF Dancing Beat WHITE0024" x="1398" y="3231" width="699" height="643" frameX="-2" frameY="-5" frameWidth="703" frameHeight="648"/>
	<SubTexture name="GF Dancing Beat WHITE0025" x="2097" y="3231" width="699" height="642" frameX="-2" frameY="-6" frameWidth="703" frameHeight="648"/>
	<SubTexture name="GF Dancing Beat WHITE0026" x="2097" y="3231" width="699" height="642" frameX="-2" frameY="-6" frameWidth="703" frameHeight="648"/>
	<SubTexture name="GF Dancing Beat WHITE0027" x="2097" y="3231" width="699" height="642" frameX="-2" frameY="-6" frameWidth="703" frameHeight="648"/>
	<SubTexture name="GF Dancing Beat WHITE0028" x="2796" y="3231" width="699" height="642" frameX="-2" frameY="-6" frameWidth="703" frameHeight="648"/>
	<SubTexture name="GF Dancing Beat WHITE0029" x="2796" y="3231" width="699" height="642" frameX="-2" frameY="-6" frameWidth="703" frameHeight="648"/>
	<SubTexture name="Mom Idle BLACK LINES0000" x="3495" y="3231" width="386" height="826" pivotX="313.4" pivotY="468.95" frameX="-4" frameY="-2" frameWidth="390" frameHeight="829"/>
	<SubTexture name="Mom Idle BLACK LINES0001" x="3495" y="3231" width="386" height="826" frameX="-4" frameY="-2" frameWidth="390" frameHeight="829"/>
	<SubTexture name="Mom Idle BLACK LINES0002" x="0" y="4057" width="386" height="815" frameX="-4" frameY="-14" frameWidth="390" frameHeight="829"/>
	<SubTexture name="Mom Idle BLACK LINES0003" x="0" y="4057" width="386" height="815" frameX="-4" frameY="-14" frameWidth="390" frameHeight="829"/>
	<SubTexture name="Mom Idle BLACK LINES0004" x="386" y="4057" width="386" height="822" frameX="-1" frameY="-7" frameWidth="390" frameHeight="829"/>
	<SubTexture name="Mom Idle BLACK LINES0005" x="386" y="4057" width="386" height="822" frameX="-1" frameY="-7" frameWidth="390" frameHeight="829"/>
	<SubTexture name="Mom Idle BLACK LINES0006" x="772" y="4057" width="386" height="824" frameX="0" frameY="-5" frameWidth="390" frameHeight="829"/>
	<SubTexture name="Mom Idle BLACK LINES0007" x="772" y="4057" width="386" height="824" frameX="0" frameY="-5" frameWidth="390" frameHeight="829"/>
	<SubTexture name="Mom Idle BLACK LINES0008" x="1158" y="4057" width="386" height="828" frameX="0" frameY="-1" frameWidth="390" frameHeight="829"/>
	<SubTexture name="Mom Idle BLACK LINES0009" x="1158" y="4057" width="386" height="828" frameX="0" frameY="-1" frameWidth="390" frameHeight="829"/>
	<SubTexture name="Mom Idle BLACK LINES0010" x="1544" y="4057" width="386" height="829" frameX="0" frameY="0" frameWidth="390" frameHeight="829"/>
	<SubTexture name="Mom Idle BLACK LINES0011" x="1544" y="4057" width="386" height="829" frameX="0" frameY="0" frameWidth="390" frameHeight="829"/>
	<SubTexture name="Mom Idle BLACK LINES0012" x="1930" y="4057" width="386" height="829" frameX="0" frameY="0" frameWidth="390" frameHeight="829"/>
	<SubTexture name="Mom Idle BLACK LINES0013" x="1930" y="4057" width="386" height="829" frameX="0" frameY="0" frameWidth="390" frameHeight="829"/>
	<SubTexture name="Parent Christmas Idle Black Lines0000" x="2316" y="4057" width="873" height="777" pivotX="18.2" pivotY="-1.4" frameX="-6" frameY="-5" frameWidth="884" frameHeight="782"/>
	<SubTexture name="Parent Christmas Idle Black Lines0001" x="2316" y="4057" width="873" height="777" frameX="-6" frameY="-5" frameWidth="884" frameHeight="782"/>
	<SubTexture name="Parent Christmas Idle Black Lines0002" x="3189" y="4057" width="876" height="760" frameX="0" frameY="-22" frameWidth="884" frameHeight="782"/>
	<SubTexture name="Parent Christmas Idle Black Lines0003" x="3189" y="4057" width="876" height="760" frameX="0" frameY="-22" frameWidth="884" frameHeight="782"/>
	<SubTexture name="Parent Christmas Idle Black Lines0004" x="0" y="4886" width="877" height="766" frameX="-5" frameY="-16" frameWidth="884" frameHeight="782"/>
	<SubTexture name="Parent Christmas Idle Black Lines0005" x="0" y="4886" width="877" height="766" frameX="-5" frameY="-16" frameWidth="884" frameHeight="782"/>
	<SubTexture name="Parent Christmas Idle Black Lines0006" x="877" y="4886" width="866" height="777" frameX="-18" frameY="-5" frameWidth="884" frameHeight="782"/>
	<SubTexture name="Parent Christmas Idle Black Lines0007" x="877" y="4886" width="866" height="777" frameX="-18" frameY="-5" frameWidth="884" frameHeight="782"/>
	<SubTexture name="Parent Christmas Idle Black Lines0008" x="1743" y="4886" width="865" height="781" frameX="-19" frameY="-1" frameWidth="884" frameHeight="782"/>
	<SubTexture name="Parent Christmas Idle Black Lines0009" x="1743" y="4886" width="865" height="781" frameX="-19" frameY="-1" frameWidth="884" frameHeight="782"/>
	<SubTexture name="Parent Christmas Idle Black Lines0010" x="2608" y="4886" width="865" height="782" frameX="-19" frameY="0" frameWidth="884" frameHeight="782"/>
	<SubTexture name="Parent Christmas Idle Black Lines0011" x="2608" y="4886" width="865" height="782" frameX="-19" frameY="0" frameWidth="884" frameHeight="782"/>
	<SubTexture name="Parent Christmas Idle Black Lines0012" x="2608" y="4886" width="865" height="782" frameX="-19" frameY="0" frameWidth="884" frameHeight="782"/>
	<SubTexture name="Parent Christmas Idle Black Lines0013" x="2608" y="4886" width="865" height="782" frameX="-19" frameY="0" frameWidth="884" frameHeight="782"/>
	<SubTexture name="Pico Idle Dance0000" x="3473" y="4886" width="435" height="461" pivotX="0" pivotY="0" frameX="-18" frameY="-13" frameWidth="453" frameHeight="475"/>
	<SubTexture name="Pico Idle Dance0001" x="3473" y="4886" width="435" height="461" frameX="-18" frameY="-13" frameWidth="453" frameHeight="475"/>
	<SubTexture name="Pico Idle Dance0002" x="0" y="5668" width="442" height="468" frameX="-11" frameY="-6" frameWidth="453" frameHeight="475"/>
	<SubTexture name="Pico Idle Dance0003" x="0" y="5668" width="442" height="468" frameX="-11" frameY="-6" frameWidth="453" frameHeight="475"/>
	<SubTexture name="Pico Idle Dance0004" x="442" y="5668" width="448" height="469" frameX="-1" frameY="-6" frameWidth="453" frameHeight="475"/>
	<SubTexture name="Pico Idle Dance0005" x="890" y="5668" width="444" height="469" frameX="-1" frameY="-6" frameWidth="453" frameHeight="475"/>
	<SubTexture name="Pico Idle Dance0006" x="1334" y="5668" width="444" height="474" frameX="-1" frameY="-1" frameWidth="453" frameHeight="475"/>
	<SubTexture name="Pico Idle Dance0007" x="1778" y="5668" width="442" height="474" frameX="-1" frameY="-1" frameWidth="453" frameHeight="475"/>
	<SubTexture name="Pico Idle Dance0008" x="2220" y="5668" width="443" height="475" frameX="0" frameY="0" frameWidth="453" frameHeight="475"/>
	<SubTexture name="Pico Idle Dance0009" x="2220" y="5668" width="443" height="475" frameX="0" frameY="0" frameWidth="453" frameHeight="475"/>
	<SubTexture name="Pico Idle Dance0010" x="2220" y="5668" width="443" height="475" frameX="0" frameY="0" frameWidth="453" frameHeight="475"/>
	<SubTexture name="Pico Idle Dance0011" x="2220" y="5668" width="443" height="475" frameX="0" frameY="0" frameWidth="453" frameHeight="475"/>
	<SubTexture name="Pico Idle Dance0012" x="2220" y="5668" width="443" height="475" frameX="0" frameY="0" frameWidth="453" frameHeight="475"/>
	<SubTexture name="Pico Idle Dance0013" x="2220" y="5668" width="443" height="475" frameX="0" frameY="0" frameWidth="453" frameHeight="475"/>
	<SubTexture name="SENPAI idle Black Lines0000" x="2663" y="5668" width="336" height="288" pivotX="584.95" pivotY="295.2"/>
	<SubTexture name="SENPAI idle Black Lines0001" x="2663" y="5668" width="336" height="288"/>
	<SubTexture name="SENPAI idle Black Lines0002" x="2999" y="5668" width="336" height="288"/>
	<SubTexture name="SENPAI idle Black Lines0003" x="2999" y="5668" width="336" height="288"/>
	<SubTexture name="SENPAI idle Black Lines0004" x="3335" y="5668" width="336" height="288"/>
	<SubTexture name="SENPAI idle Black Lines0005" x="3335" y="5668" width="336" height="288"/>
	<SubTexture name="SENPAI idle Black Lines0006" x="3671" y="5668" width="336" height="288"/>
	<SubTexture name="SENPAI idle Black Lines0007" x="3671" y="5668" width="336" height="288"/>
	<SubTexture name="SENPAI idle Black Lines0008" x="0" y="6143" width="336" height="288"/>
	<SubTexture name="SENPAI idle Black Lines0009" x="0" y="6143" width="336" height="288"/>
	<SubTexture name="SENPAI idle Black Lines0010" x="0" y="6143" width="336" height="288"/>
	<SubTexture name="SENPAI idle Black Lines0011" x="0" y="6143" width="336" height="288"/>
	<SubTexture name="SENPAI idle Black Lines0012" x="0" y="6143" width="336" height="288"/>
	<SubTexture name="SENPAI idle Black Lines0013" x="0" y="6143" width="336" height="288"/>
	<SubTexture name="spooky dance idle BLACK LINES0000" x="336" y="6143" width="381" height="549" pivotX="186.85" pivotY="281.25" frameX="-50" frameY="0" frameWidth="492" frameHeight="549"/>
	<SubTexture name="spooky dance idle BLACK LINES0001" x="336" y="6143" width="381" height="549" frameX="-50" frameY="0" frameWidth="492" frameHeight="549"/>
	<SubTexture name="spooky dance idle BLACK LINES0002" x="717" y="6143" width="379" height="541" frameX="-55" frameY="-8" frameWidth="492" frameHeight="549"/>
	<SubTexture name="spooky dance idle BLACK LINES0003" x="717" y="6143" width="379" height="541" frameX="-55" frameY="-8" frameWidth="492" frameHeight="549"/>
	<SubTexture name="spooky dance idle BLACK LINES0004" x="1096" y="6143" width="357" height="484" frameX="-79" frameY="-61" frameWidth="492" frameHeight="549"/>
	<SubTexture name="spooky dance idle BLACK LINES0005" x="1096" y="6143" width="357" height="484" frameX="-79" frameY="-61" frameWidth="492" frameHeight="549"/>
	<SubTexture name="spooky dance idle BLACK LINES0006" x="1453" y="6143" width="354" height="494" frameX="-78" frameY="-52" frameWidth="492" frameHeight="549"/>
	<SubTexture name="spooky dance idle BLACK LINES0007" x="1453" y="6143" width="354" height="494" frameX="-78" frameY="-52" frameWidth="492" frameHeight="549"/>
	<SubTexture name="spooky dance idle BLACK LINES0008" x="1807" y="6143" width="492" height="532" frameX="0" frameY="-16" frameWidth="492" frameHeight="549"/>
	<SubTexture name="spooky dance idle BLACK LINES0009" x="1807" y="6143" width="492" height="532" frameX="0" frameY="-16" frameWidth="492" frameHeight="549"/>
	<SubTexture name="spooky dance idle BLACK LINES0010" x="2299" y="6143" width="481" height="524" frameX="-7" frameY="-20" frameWidth="492" frameHeight="549"/>
	<SubTexture name="spooky dance idle BLACK LINES0011" x="2299" y="6143" width="481" height="524" frameX="-7" frameY="-20" frameWidth="492" frameHeight="549"/>
	<SubTexture name="spooky dance idle BLACK LINES0012" x="1096" y="6143" width="357" height="484" frameX="-79" frameY="-61" frameWidth="492" frameHeight="549"/>
	<SubTexture name="spooky dance idle BLACK LINES0013" x="1096" y="6143" width="357" height="484" frameX="-79" frameY="-61" frameWidth="492" frameHeight="549"/>
	<SubTexture name="spooky dance idle BLACK LINES0014" x="1453" y="6143" width="354" height="494" frameX="-78" frameY="-52" frameWidth="492" frameHeight="549"/>
	<SubTexture name="spooky dance idle BLACK LINES0015" x="1453" y="6143" width="354" height="494" frameX="-78" frameY="-52" frameWidth="492" frameHeight="549"/>
</TextureAtlas>
