﻿<?xml version="1.0" encoding="utf-8"?>
<TextureAtlas imagePath="bfChristmas.png">
	<!-- Created with Adobe Animate version 20.5.0.29329 -->
	<!-- http://www.adobe.com/products/animate.html -->
	<SubTexture name="BF HEY!!0000" x="0" y="0" width="417" height="415" pivotX="-298.8" pivotY="202.65" frameX="0" frameY="0" frameWidth="417" frameHeight="417"/>
	<SubTexture name="BF HEY!!0001" x="417" y="0" width="417" height="415" frameX="0" frameY="0" frameWidth="417" frameHeight="417"/>
	<SubTexture name="BF HEY!!0002" x="834" y="0" width="413" height="413" frameX="-1" frameY="-4" frameWidth="417" frameHeight="417"/>
	<SubTexture name="BF HEY!!0003" x="1247" y="0" width="413" height="413" frameX="-1" frameY="-4" frameWidth="417" frameHeight="417"/>
	<SubTexture name="BF HEY!!0004" x="1660" y="0" width="413" height="415" frameX="-2" frameY="-2" frameWidth="417" frameHeight="417"/>
	<SubTexture name="BF HEY!!0005" x="1660" y="0" width="413" height="415" frameX="-2" frameY="-2" frameWidth="417" frameHeight="417"/>
	<SubTexture name="BF HEY!!0006" x="1660" y="0" width="413" height="415" frameX="-2" frameY="-2" frameWidth="417" frameHeight="417"/>
	<SubTexture name="BF HEY!!0007" x="1660" y="0" width="413" height="415" frameX="-2" frameY="-2" frameWidth="417" frameHeight="417"/>
	<SubTexture name="BF HEY!!0008" x="1660" y="0" width="413" height="415" frameX="-2" frameY="-2" frameWidth="417" frameHeight="417"/>
	<SubTexture name="BF HEY!!0009" x="1660" y="0" width="413" height="415" frameX="-2" frameY="-2" frameWidth="417" frameHeight="417"/>
	<SubTexture name="BF HEY!!0010" x="1660" y="0" width="413" height="415" frameX="-2" frameY="-2" frameWidth="417" frameHeight="417"/>
	<SubTexture name="BF HEY!!0011" x="1660" y="0" width="413" height="415" frameX="-2" frameY="-2" frameWidth="417" frameHeight="417"/>
	<SubTexture name="BF HEY!!0012" x="1660" y="0" width="413" height="415" frameX="-2" frameY="-2" frameWidth="417" frameHeight="417"/>
	<SubTexture name="BF HEY!!0013" x="1660" y="0" width="413" height="415" frameX="-2" frameY="-2" frameWidth="417" frameHeight="417"/>
	<SubTexture name="BF HEY!!0014" x="1660" y="0" width="413" height="415" frameX="-2" frameY="-2" frameWidth="417" frameHeight="417"/>
	<SubTexture name="BF HEY!!0015" x="1660" y="0" width="413" height="415" frameX="-2" frameY="-2" frameWidth="417" frameHeight="417"/>
	<SubTexture name="BF HEY!!0016" x="1660" y="0" width="413" height="415" frameX="-2" frameY="-2" frameWidth="417" frameHeight="417"/>
	<SubTexture name="BF HEY!!0017" x="1660" y="0" width="413" height="415" frameX="-2" frameY="-2" frameWidth="417" frameHeight="417"/>
	<SubTexture name="BF HEY!!0018" x="1660" y="0" width="413" height="415" frameX="-2" frameY="-2" frameWidth="417" frameHeight="417"/>
	<SubTexture name="BF HEY!!0019" x="1660" y="0" width="413" height="415" frameX="-2" frameY="-2" frameWidth="417" frameHeight="417"/>
	<SubTexture name="BF HEY!!0020" x="1660" y="0" width="413" height="415" frameX="-2" frameY="-2" frameWidth="417" frameHeight="417"/>
	<SubTexture name="BF HEY!!0021" x="1660" y="0" width="413" height="415" frameX="-2" frameY="-2" frameWidth="417" frameHeight="417"/>
	<SubTexture name="BF HEY!!0022" x="1660" y="0" width="413" height="415" frameX="-2" frameY="-2" frameWidth="417" frameHeight="417"/>
	<SubTexture name="BF HEY!!0023" x="1660" y="0" width="413" height="415" frameX="-2" frameY="-2" frameWidth="417" frameHeight="417"/>
	<SubTexture name="BF HEY!!0024" x="1660" y="0" width="413" height="415" frameX="-2" frameY="-2" frameWidth="417" frameHeight="417"/>
	<SubTexture name="BF HEY!!0025" x="1660" y="0" width="413" height="415" frameX="-2" frameY="-2" frameWidth="417" frameHeight="417"/>
	<SubTexture name="BF NOTE DOWN0000" x="2073" y="0" width="374" height="364" pivotX="-19.15" pivotY="-12.2" frameX="-5" frameY="-5" frameWidth="379" frameHeight="369"/>
	<SubTexture name="BF NOTE DOWN0001" x="2073" y="0" width="374" height="364" frameX="-5" frameY="-5" frameWidth="379" frameHeight="369"/>
	<SubTexture name="BF NOTE DOWN0002" x="2447" y="0" width="376" height="369" frameX="0" frameY="0" frameWidth="379" frameHeight="369"/>
	<SubTexture name="BF NOTE DOWN0003" x="2447" y="0" width="376" height="369" frameX="0" frameY="0" frameWidth="379" frameHeight="369"/>
	<SubTexture name="BF NOTE DOWN0004" x="2447" y="0" width="376" height="369" frameX="0" frameY="0" frameWidth="379" frameHeight="369"/>
	<SubTexture name="BF NOTE DOWN0005" x="2447" y="0" width="376" height="369" frameX="0" frameY="0" frameWidth="379" frameHeight="369"/>
	<SubTexture name="BF NOTE DOWN0006" x="2447" y="0" width="376" height="369" frameX="0" frameY="0" frameWidth="379" frameHeight="369"/>
	<SubTexture name="BF NOTE DOWN0007" x="2447" y="0" width="376" height="369" frameX="0" frameY="0" frameWidth="379" frameHeight="369"/>
	<SubTexture name="BF NOTE DOWN0008" x="2447" y="0" width="376" height="369" frameX="0" frameY="0" frameWidth="379" frameHeight="369"/>
	<SubTexture name="BF NOTE DOWN0009" x="2447" y="0" width="376" height="369" frameX="0" frameY="0" frameWidth="379" frameHeight="369"/>
	<SubTexture name="BF NOTE DOWN0010" x="2447" y="0" width="376" height="369" frameX="0" frameY="0" frameWidth="379" frameHeight="369"/>
	<SubTexture name="BF NOTE DOWN0011" x="2447" y="0" width="376" height="369" frameX="0" frameY="0" frameWidth="379" frameHeight="369"/>
	<SubTexture name="BF NOTE DOWN0012" x="2447" y="0" width="376" height="369" frameX="0" frameY="0" frameWidth="379" frameHeight="369"/>
	<SubTexture name="BF NOTE DOWN0013" x="2447" y="0" width="376" height="369" frameX="0" frameY="0" frameWidth="379" frameHeight="369"/>
	<SubTexture name="BF NOTE DOWN0014" x="2447" y="0" width="376" height="369" frameX="0" frameY="0" frameWidth="379" frameHeight="369"/>
	<SubTexture name="BF NOTE DOWN0015" x="2447" y="0" width="376" height="369" frameX="0" frameY="0" frameWidth="379" frameHeight="369"/>
	<SubTexture name="BF NOTE DOWN0016" x="2447" y="0" width="376" height="369" frameX="0" frameY="0" frameWidth="379" frameHeight="369"/>
	<SubTexture name="BF NOTE DOWN0017" x="2447" y="0" width="376" height="369" frameX="0" frameY="0" frameWidth="379" frameHeight="369"/>
	<SubTexture name="BF NOTE DOWN0018" x="2447" y="0" width="376" height="369" frameX="0" frameY="0" frameWidth="379" frameHeight="369"/>
	<SubTexture name="BF NOTE DOWN0019" x="2447" y="0" width="376" height="369" frameX="0" frameY="0" frameWidth="379" frameHeight="369"/>
	<SubTexture name="BF NOTE DOWN0020" x="2447" y="0" width="376" height="369" frameX="0" frameY="0" frameWidth="379" frameHeight="369"/>
	<SubTexture name="BF NOTE DOWN0021" x="2447" y="0" width="376" height="369" frameX="0" frameY="0" frameWidth="379" frameHeight="369"/>
	<SubTexture name="BF NOTE DOWN0022" x="2447" y="0" width="376" height="369" frameX="0" frameY="0" frameWidth="379" frameHeight="369"/>
	<SubTexture name="BF NOTE DOWN0023" x="2447" y="0" width="376" height="369" frameX="0" frameY="0" frameWidth="379" frameHeight="369"/>
	<SubTexture name="BF NOTE DOWN0024" x="2447" y="0" width="376" height="369" frameX="0" frameY="0" frameWidth="379" frameHeight="369"/>
	<SubTexture name="BF NOTE DOWN0025" x="2447" y="0" width="376" height="369" frameX="0" frameY="0" frameWidth="379" frameHeight="369"/>
	<SubTexture name="BF NOTE DOWN0026" x="2447" y="0" width="376" height="369" frameX="0" frameY="0" frameWidth="379" frameHeight="369"/>
	<SubTexture name="BF NOTE DOWN0027" x="2447" y="0" width="376" height="369" frameX="0" frameY="0" frameWidth="379" frameHeight="369"/>
	<SubTexture name="BF NOTE DOWN0028" x="2447" y="0" width="376" height="369" frameX="0" frameY="0" frameWidth="379" frameHeight="369"/>
	<SubTexture name="BF NOTE DOWN0029" x="2447" y="0" width="376" height="369" frameX="0" frameY="0" frameWidth="379" frameHeight="369"/>
	<SubTexture name="BF NOTE DOWN MISS0000" x="2823" y="0" width="374" height="364" pivotX="-24.15" pivotY="14.4" frameX="0" frameY="-31" frameWidth="418" frameHeight="414"/>
	<SubTexture name="BF NOTE DOWN MISS0001" x="3197" y="0" width="404" height="414" frameX="-12" frameY="0" frameWidth="418" frameHeight="414"/>
	<SubTexture name="BF NOTE DOWN MISS0002" x="3197" y="0" width="404" height="414" frameX="-12" frameY="0" frameWidth="418" frameHeight="414"/>
	<SubTexture name="BF NOTE DOWN MISS0003" x="3601" y="0" width="407" height="410" frameX="-11" frameY="-4" frameWidth="418" frameHeight="414"/>
	<SubTexture name="BF NOTE DOWN MISS0004" x="3601" y="0" width="407" height="410" frameX="-11" frameY="-4" frameWidth="418" frameHeight="414"/>
	<SubTexture name="BF NOTE DOWN MISS0005" x="3601" y="0" width="407" height="410" frameX="-11" frameY="-4" frameWidth="418" frameHeight="414"/>
	<SubTexture name="BF NOTE DOWN MISS0006" x="3601" y="0" width="407" height="410" frameX="-11" frameY="-4" frameWidth="418" frameHeight="414"/>
	<SubTexture name="BF NOTE DOWN MISS0007" x="3601" y="0" width="407" height="410" frameX="-11" frameY="-4" frameWidth="418" frameHeight="414"/>
	<SubTexture name="BF NOTE DOWN MISS0008" x="3601" y="0" width="407" height="410" frameX="-11" frameY="-4" frameWidth="418" frameHeight="414"/>
	<SubTexture name="BF NOTE DOWN MISS0009" x="3601" y="0" width="407" height="410" frameX="-11" frameY="-4" frameWidth="418" frameHeight="414"/>
	<SubTexture name="BF NOTE DOWN MISS0010" x="3601" y="0" width="407" height="410" frameX="-11" frameY="-4" frameWidth="418" frameHeight="414"/>
	<SubTexture name="BF NOTE DOWN MISS0011" x="3601" y="0" width="407" height="410" frameX="-11" frameY="-4" frameWidth="418" frameHeight="414"/>
	<SubTexture name="BF NOTE DOWN MISS0012" x="3601" y="0" width="407" height="410" frameX="-11" frameY="-4" frameWidth="418" frameHeight="414"/>
	<SubTexture name="BF NOTE DOWN MISS0013" x="3601" y="0" width="407" height="410" frameX="-11" frameY="-4" frameWidth="418" frameHeight="414"/>
	<SubTexture name="BF NOTE DOWN MISS0014" x="3601" y="0" width="407" height="410" frameX="-11" frameY="-4" frameWidth="418" frameHeight="414"/>
	<SubTexture name="BF NOTE DOWN MISS0015" x="3601" y="0" width="407" height="410" frameX="-11" frameY="-4" frameWidth="418" frameHeight="414"/>
	<SubTexture name="BF NOTE DOWN MISS0016" x="3601" y="0" width="407" height="410" frameX="-11" frameY="-4" frameWidth="418" frameHeight="414"/>
	<SubTexture name="BF NOTE DOWN MISS0017" x="3601" y="0" width="407" height="410" frameX="-11" frameY="-4" frameWidth="418" frameHeight="414"/>
	<SubTexture name="BF NOTE DOWN MISS0018" x="3601" y="0" width="407" height="410" frameX="-11" frameY="-4" frameWidth="418" frameHeight="414"/>
	<SubTexture name="BF NOTE DOWN MISS0019" x="3601" y="0" width="407" height="410" frameX="-11" frameY="-4" frameWidth="418" frameHeight="414"/>
	<SubTexture name="BF NOTE DOWN MISS0020" x="3601" y="0" width="407" height="410" frameX="-11" frameY="-4" frameWidth="418" frameHeight="414"/>
	<SubTexture name="BF NOTE DOWN MISS0021" x="3601" y="0" width="407" height="410" frameX="-11" frameY="-4" frameWidth="418" frameHeight="414"/>
	<SubTexture name="BF NOTE DOWN MISS0022" x="3601" y="0" width="407" height="410" frameX="-11" frameY="-4" frameWidth="418" frameHeight="414"/>
	<SubTexture name="BF NOTE DOWN MISS0023" x="3601" y="0" width="407" height="410" frameX="-11" frameY="-4" frameWidth="418" frameHeight="414"/>
	<SubTexture name="BF NOTE DOWN MISS0024" x="3601" y="0" width="407" height="410" frameX="-11" frameY="-4" frameWidth="418" frameHeight="414"/>
	<SubTexture name="BF NOTE DOWN MISS0025" x="3601" y="0" width="407" height="410" frameX="-11" frameY="-4" frameWidth="418" frameHeight="414"/>
	<SubTexture name="BF NOTE DOWN MISS0026" x="3601" y="0" width="407" height="410" frameX="-11" frameY="-4" frameWidth="418" frameHeight="414"/>
	<SubTexture name="BF NOTE DOWN MISS0027" x="3601" y="0" width="407" height="410" frameX="-11" frameY="-4" frameWidth="418" frameHeight="414"/>
	<SubTexture name="BF NOTE DOWN MISS0028" x="3601" y="0" width="407" height="410" frameX="-11" frameY="-4" frameWidth="418" frameHeight="414"/>
	<SubTexture name="BF NOTE LEFT0000" x="0" y="415" width="376" height="409" pivotX="-291.15" pivotY="194" frameX="0" frameY="0" frameWidth="382" frameHeight="409"/>
	<SubTexture name="BF NOTE LEFT0001" x="0" y="415" width="376" height="409" frameX="0" frameY="0" frameWidth="382" frameHeight="409"/>
	<SubTexture name="BF NOTE LEFT0002" x="376" y="415" width="377" height="407" frameX="-5" frameY="-2" frameWidth="382" frameHeight="409"/>
	<SubTexture name="BF NOTE LEFT0003" x="376" y="415" width="377" height="407" frameX="-5" frameY="-2" frameWidth="382" frameHeight="409"/>
	<SubTexture name="BF NOTE LEFT0004" x="376" y="415" width="377" height="407" frameX="-5" frameY="-2" frameWidth="382" frameHeight="409"/>
	<SubTexture name="BF NOTE LEFT0005" x="376" y="415" width="377" height="407" frameX="-5" frameY="-2" frameWidth="382" frameHeight="409"/>
	<SubTexture name="BF NOTE LEFT0006" x="376" y="415" width="377" height="407" frameX="-5" frameY="-2" frameWidth="382" frameHeight="409"/>
	<SubTexture name="BF NOTE LEFT0007" x="376" y="415" width="377" height="407" frameX="-5" frameY="-2" frameWidth="382" frameHeight="409"/>
	<SubTexture name="BF NOTE LEFT0008" x="376" y="415" width="377" height="407" frameX="-5" frameY="-2" frameWidth="382" frameHeight="409"/>
	<SubTexture name="BF NOTE LEFT0009" x="376" y="415" width="377" height="407" frameX="-5" frameY="-2" frameWidth="382" frameHeight="409"/>
	<SubTexture name="BF NOTE LEFT0010" x="376" y="415" width="377" height="407" frameX="-5" frameY="-2" frameWidth="382" frameHeight="409"/>
	<SubTexture name="BF NOTE LEFT0011" x="376" y="415" width="377" height="407" frameX="-5" frameY="-2" frameWidth="382" frameHeight="409"/>
	<SubTexture name="BF NOTE LEFT0012" x="376" y="415" width="377" height="407" frameX="-5" frameY="-2" frameWidth="382" frameHeight="409"/>
	<SubTexture name="BF NOTE LEFT0013" x="376" y="415" width="377" height="407" frameX="-5" frameY="-2" frameWidth="382" frameHeight="409"/>
	<SubTexture name="BF NOTE LEFT0014" x="376" y="415" width="377" height="407" frameX="-5" frameY="-2" frameWidth="382" frameHeight="409"/>
	<SubTexture name="BF NOTE LEFT MISS0000" x="753" y="415" width="376" height="409" pivotX="-291.15" pivotY="220.15" frameX="0" frameY="-26" frameWidth="377" frameHeight="435"/>
	<SubTexture name="BF NOTE LEFT MISS0001" x="1129" y="415" width="367" height="433" frameX="-10" frameY="0" frameWidth="377" frameHeight="435"/>
	<SubTexture name="BF NOTE LEFT MISS0002" x="1129" y="415" width="367" height="433" frameX="-10" frameY="0" frameWidth="377" frameHeight="435"/>
	<SubTexture name="BF NOTE LEFT MISS0003" x="1496" y="415" width="369" height="433" frameX="-8" frameY="0" frameWidth="377" frameHeight="435"/>
	<SubTexture name="BF NOTE LEFT MISS0004" x="1496" y="415" width="369" height="433" frameX="-8" frameY="0" frameWidth="377" frameHeight="435"/>
	<SubTexture name="BF NOTE LEFT MISS0005" x="1496" y="415" width="369" height="433" frameX="-8" frameY="0" frameWidth="377" frameHeight="435"/>
	<SubTexture name="BF NOTE LEFT MISS0006" x="1496" y="415" width="369" height="433" frameX="-8" frameY="0" frameWidth="377" frameHeight="435"/>
	<SubTexture name="BF NOTE LEFT MISS0007" x="1496" y="415" width="369" height="433" frameX="-8" frameY="0" frameWidth="377" frameHeight="435"/>
	<SubTexture name="BF NOTE LEFT MISS0008" x="1496" y="415" width="369" height="433" frameX="-8" frameY="0" frameWidth="377" frameHeight="435"/>
	<SubTexture name="BF NOTE LEFT MISS0009" x="1496" y="415" width="369" height="433" frameX="-8" frameY="0" frameWidth="377" frameHeight="435"/>
	<SubTexture name="BF NOTE LEFT MISS0010" x="1496" y="415" width="369" height="433" frameX="-8" frameY="0" frameWidth="377" frameHeight="435"/>
	<SubTexture name="BF NOTE LEFT MISS0011" x="1496" y="415" width="369" height="433" frameX="-8" frameY="0" frameWidth="377" frameHeight="435"/>
	<SubTexture name="BF NOTE LEFT MISS0012" x="1496" y="415" width="369" height="433" frameX="-8" frameY="0" frameWidth="377" frameHeight="435"/>
	<SubTexture name="BF NOTE LEFT MISS0013" x="1496" y="415" width="369" height="433" frameX="-8" frameY="0" frameWidth="377" frameHeight="435"/>
	<SubTexture name="BF NOTE LEFT MISS0014" x="1496" y="415" width="369" height="433" frameX="-8" frameY="0" frameWidth="377" frameHeight="435"/>
	<SubTexture name="BF NOTE LEFT MISS0015" x="1496" y="415" width="369" height="433" frameX="-8" frameY="0" frameWidth="377" frameHeight="435"/>
	<SubTexture name="BF NOTE LEFT MISS0016" x="1496" y="415" width="369" height="433" frameX="-8" frameY="0" frameWidth="377" frameHeight="435"/>
	<SubTexture name="BF NOTE LEFT MISS0017" x="1496" y="415" width="369" height="433" frameX="-8" frameY="0" frameWidth="377" frameHeight="435"/>
	<SubTexture name="BF NOTE LEFT MISS0018" x="1496" y="415" width="369" height="433" frameX="-8" frameY="0" frameWidth="377" frameHeight="435"/>
	<SubTexture name="BF NOTE LEFT MISS0019" x="1496" y="415" width="369" height="433" frameX="-8" frameY="0" frameWidth="377" frameHeight="435"/>
	<SubTexture name="BF NOTE LEFT MISS0020" x="1496" y="415" width="369" height="433" frameX="-8" frameY="0" frameWidth="377" frameHeight="435"/>
	<SubTexture name="BF NOTE LEFT MISS0021" x="1496" y="415" width="369" height="433" frameX="-8" frameY="0" frameWidth="377" frameHeight="435"/>
	<SubTexture name="BF NOTE LEFT MISS0022" x="1496" y="415" width="369" height="433" frameX="-8" frameY="0" frameWidth="377" frameHeight="435"/>
	<SubTexture name="BF NOTE LEFT MISS0023" x="1496" y="415" width="369" height="433" frameX="-8" frameY="0" frameWidth="377" frameHeight="435"/>
	<SubTexture name="BF NOTE LEFT MISS0024" x="1496" y="415" width="369" height="433" frameX="-8" frameY="0" frameWidth="377" frameHeight="435"/>
	<SubTexture name="BF NOTE LEFT MISS0025" x="1496" y="415" width="369" height="433" frameX="-8" frameY="0" frameWidth="377" frameHeight="435"/>
	<SubTexture name="BF NOTE LEFT MISS0026" x="1496" y="415" width="369" height="433" frameX="-8" frameY="0" frameWidth="377" frameHeight="435"/>
	<SubTexture name="BF NOTE LEFT MISS0027" x="1496" y="415" width="369" height="433" frameX="-8" frameY="0" frameWidth="377" frameHeight="435"/>
	<SubTexture name="BF NOTE LEFT MISS0028" x="1496" y="415" width="369" height="433" frameX="-8" frameY="0" frameWidth="377" frameHeight="435"/>
	<SubTexture name="BF NOTE LEFT MISS0029" x="1496" y="415" width="369" height="433" frameX="-8" frameY="0" frameWidth="377" frameHeight="435"/>
	<SubTexture name="BF NOTE LEFT MISS0030" x="1496" y="415" width="369" height="433" frameX="-8" frameY="0" frameWidth="377" frameHeight="435"/>
	<SubTexture name="BF NOTE LEFT MISS0031" x="1496" y="415" width="369" height="433" frameX="-8" frameY="0" frameWidth="377" frameHeight="435"/>
	<SubTexture name="BF NOTE LEFT MISS0032" x="1496" y="415" width="369" height="433" frameX="-8" frameY="0" frameWidth="377" frameHeight="435"/>
	<SubTexture name="BF NOTE LEFT MISS0033" x="1496" y="415" width="369" height="433" frameX="-8" frameY="0" frameWidth="377" frameHeight="435"/>
	<SubTexture name="BF NOTE RIGHT0000" x="1865" y="415" width="403" height="408" pivotX="-350.05" pivotY="195.7" frameX="0" frameY="-2" frameWidth="403" frameHeight="410"/>
	<SubTexture name="BF NOTE RIGHT0001" x="1865" y="415" width="403" height="408" frameX="0" frameY="-2" frameWidth="403" frameHeight="410"/>
	<SubTexture name="BF NOTE RIGHT0002" x="2268" y="415" width="402" height="410" frameX="0" frameY="0" frameWidth="403" frameHeight="410"/>
	<SubTexture name="BF NOTE RIGHT0003" x="2268" y="415" width="402" height="410" frameX="0" frameY="0" frameWidth="403" frameHeight="410"/>
	<SubTexture name="BF NOTE RIGHT0004" x="2268" y="415" width="402" height="410" frameX="0" frameY="0" frameWidth="403" frameHeight="410"/>
	<SubTexture name="BF NOTE RIGHT0005" x="2268" y="415" width="402" height="410" frameX="0" frameY="0" frameWidth="403" frameHeight="410"/>
	<SubTexture name="BF NOTE RIGHT0006" x="2268" y="415" width="402" height="410" frameX="0" frameY="0" frameWidth="403" frameHeight="410"/>
	<SubTexture name="BF NOTE RIGHT0007" x="2268" y="415" width="402" height="410" frameX="0" frameY="0" frameWidth="403" frameHeight="410"/>
	<SubTexture name="BF NOTE RIGHT0008" x="2268" y="415" width="402" height="410" frameX="0" frameY="0" frameWidth="403" frameHeight="410"/>
	<SubTexture name="BF NOTE RIGHT0009" x="2268" y="415" width="402" height="410" frameX="0" frameY="0" frameWidth="403" frameHeight="410"/>
	<SubTexture name="BF NOTE RIGHT0010" x="2268" y="415" width="402" height="410" frameX="0" frameY="0" frameWidth="403" frameHeight="410"/>
	<SubTexture name="BF NOTE RIGHT0011" x="2268" y="415" width="402" height="410" frameX="0" frameY="0" frameWidth="403" frameHeight="410"/>
	<SubTexture name="BF NOTE RIGHT0012" x="2268" y="415" width="402" height="410" frameX="0" frameY="0" frameWidth="403" frameHeight="410"/>
	<SubTexture name="BF NOTE RIGHT0013" x="2268" y="415" width="402" height="410" frameX="0" frameY="0" frameWidth="403" frameHeight="410"/>
	<SubTexture name="BF NOTE RIGHT0014" x="2268" y="415" width="402" height="410" frameX="0" frameY="0" frameWidth="403" frameHeight="410"/>
	<SubTexture name="BF NOTE RIGHT0015" x="2268" y="415" width="402" height="410" frameX="0" frameY="0" frameWidth="403" frameHeight="410"/>
	<SubTexture name="BF NOTE RIGHT0016" x="2268" y="415" width="402" height="410" frameX="0" frameY="0" frameWidth="403" frameHeight="410"/>
	<SubTexture name="BF NOTE RIGHT0017" x="2268" y="415" width="402" height="410" frameX="0" frameY="0" frameWidth="403" frameHeight="410"/>
	<SubTexture name="BF NOTE RIGHT0018" x="2268" y="415" width="402" height="410" frameX="0" frameY="0" frameWidth="403" frameHeight="410"/>
	<SubTexture name="BF NOTE RIGHT0019" x="2268" y="415" width="402" height="410" frameX="0" frameY="0" frameWidth="403" frameHeight="410"/>
	<SubTexture name="BF NOTE RIGHT0020" x="2268" y="415" width="402" height="410" frameX="0" frameY="0" frameWidth="403" frameHeight="410"/>
	<SubTexture name="BF NOTE RIGHT0021" x="2268" y="415" width="402" height="410" frameX="0" frameY="0" frameWidth="403" frameHeight="410"/>
	<SubTexture name="BF NOTE RIGHT0022" x="2268" y="415" width="402" height="410" frameX="0" frameY="0" frameWidth="403" frameHeight="410"/>
	<SubTexture name="BF NOTE RIGHT0023" x="2268" y="415" width="402" height="410" frameX="0" frameY="0" frameWidth="403" frameHeight="410"/>
	<SubTexture name="BF NOTE RIGHT0024" x="2268" y="415" width="402" height="410" frameX="0" frameY="0" frameWidth="403" frameHeight="410"/>
	<SubTexture name="BF NOTE RIGHT0025" x="2268" y="415" width="402" height="410" frameX="0" frameY="0" frameWidth="403" frameHeight="410"/>
	<SubTexture name="BF NOTE RIGHT0026" x="2268" y="415" width="402" height="410" frameX="0" frameY="0" frameWidth="403" frameHeight="410"/>
	<SubTexture name="BF NOTE RIGHT0027" x="2268" y="415" width="402" height="410" frameX="0" frameY="0" frameWidth="403" frameHeight="410"/>
	<SubTexture name="BF NOTE RIGHT0028" x="2268" y="415" width="402" height="410" frameX="0" frameY="0" frameWidth="403" frameHeight="410"/>
	<SubTexture name="BF NOTE RIGHT0029" x="2268" y="415" width="402" height="410" frameX="0" frameY="0" frameWidth="403" frameHeight="410"/>
	<SubTexture name="BF NOTE RIGHT0030" x="2268" y="415" width="402" height="410" frameX="0" frameY="0" frameWidth="403" frameHeight="410"/>
	<SubTexture name="BF NOTE RIGHT0031" x="2268" y="415" width="402" height="410" frameX="0" frameY="0" frameWidth="403" frameHeight="410"/>
	<SubTexture name="BF NOTE RIGHT0032" x="2268" y="415" width="402" height="410" frameX="0" frameY="0" frameWidth="403" frameHeight="410"/>
	<SubTexture name="BF NOTE RIGHT0033" x="2268" y="415" width="402" height="410" frameX="0" frameY="0" frameWidth="403" frameHeight="410"/>
	<SubTexture name="BF NOTE RIGHT0034" x="2268" y="415" width="402" height="410" frameX="0" frameY="0" frameWidth="403" frameHeight="410"/>
	<SubTexture name="BF NOTE RIGHT0035" x="2268" y="415" width="402" height="410" frameX="0" frameY="0" frameWidth="403" frameHeight="410"/>
	<SubTexture name="BF NOTE RIGHT0036" x="2268" y="415" width="402" height="410" frameX="0" frameY="0" frameWidth="403" frameHeight="410"/>
	<SubTexture name="BF NOTE RIGHT0037" x="2268" y="415" width="402" height="410" frameX="0" frameY="0" frameWidth="403" frameHeight="410"/>
	<SubTexture name="BF NOTE RIGHT0038" x="2268" y="415" width="402" height="410" frameX="0" frameY="0" frameWidth="403" frameHeight="410"/>
	<SubTexture name="BF NOTE RIGHT0039" x="2268" y="415" width="402" height="410" frameX="0" frameY="0" frameWidth="403" frameHeight="410"/>
	<SubTexture name="BF NOTE RIGHT0040" x="2268" y="415" width="402" height="410" frameX="0" frameY="0" frameWidth="403" frameHeight="410"/>
	<SubTexture name="BF NOTE RIGHT0041" x="2268" y="415" width="402" height="410" frameX="0" frameY="0" frameWidth="403" frameHeight="410"/>
	<SubTexture name="BF NOTE RIGHT0042" x="2268" y="415" width="402" height="410" frameX="0" frameY="0" frameWidth="403" frameHeight="410"/>
	<SubTexture name="BF NOTE RIGHT0043" x="2268" y="415" width="402" height="410" frameX="0" frameY="0" frameWidth="403" frameHeight="410"/>
	<SubTexture name="BF NOTE RIGHT0044" x="2268" y="415" width="402" height="410" frameX="0" frameY="0" frameWidth="403" frameHeight="410"/>
	<SubTexture name="BF NOTE RIGHT0045" x="2268" y="415" width="402" height="410" frameX="0" frameY="0" frameWidth="403" frameHeight="410"/>
	<SubTexture name="BF NOTE RIGHT0046" x="2268" y="415" width="402" height="410" frameX="0" frameY="0" frameWidth="403" frameHeight="410"/>
	<SubTexture name="BF NOTE RIGHT0047" x="2268" y="415" width="402" height="410" frameX="0" frameY="0" frameWidth="403" frameHeight="410"/>
	<SubTexture name="BF NOTE RIGHT0048" x="2268" y="415" width="402" height="410" frameX="0" frameY="0" frameWidth="403" frameHeight="410"/>
	<SubTexture name="BF NOTE RIGHT0049" x="2268" y="415" width="402" height="410" frameX="0" frameY="0" frameWidth="403" frameHeight="410"/>
	<SubTexture name="BF NOTE RIGHT0050" x="2268" y="415" width="402" height="410" frameX="0" frameY="0" frameWidth="403" frameHeight="410"/>
	<SubTexture name="BF NOTE RIGHT0051" x="2268" y="415" width="402" height="410" frameX="0" frameY="0" frameWidth="403" frameHeight="410"/>
	<SubTexture name="BF NOTE RIGHT0052" x="2268" y="415" width="402" height="410" frameX="0" frameY="0" frameWidth="403" frameHeight="410"/>
	<SubTexture name="BF NOTE RIGHT0053" x="2268" y="415" width="402" height="410" frameX="0" frameY="0" frameWidth="403" frameHeight="410"/>
	<SubTexture name="BF NOTE RIGHT0054" x="2268" y="415" width="402" height="410" frameX="0" frameY="0" frameWidth="403" frameHeight="410"/>
	<SubTexture name="BF NOTE RIGHT0055" x="2268" y="415" width="402" height="410" frameX="0" frameY="0" frameWidth="403" frameHeight="410"/>
	<SubTexture name="BF NOTE RIGHT0056" x="2268" y="415" width="402" height="410" frameX="0" frameY="0" frameWidth="403" frameHeight="410"/>
	<SubTexture name="BF NOTE RIGHT0057" x="2268" y="415" width="402" height="410" frameX="0" frameY="0" frameWidth="403" frameHeight="410"/>
	<SubTexture name="BF NOTE RIGHT0058" x="2268" y="415" width="402" height="410" frameX="0" frameY="0" frameWidth="403" frameHeight="410"/>
	<SubTexture name="BF NOTE RIGHT0059" x="2268" y="415" width="402" height="410" frameX="0" frameY="0" frameWidth="403" frameHeight="410"/>
	<SubTexture name="BF NOTE RIGHT0060" x="2268" y="415" width="402" height="410" frameX="0" frameY="0" frameWidth="403" frameHeight="410"/>
	<SubTexture name="BF NOTE RIGHT0061" x="2268" y="415" width="402" height="410" frameX="0" frameY="0" frameWidth="403" frameHeight="410"/>
	<SubTexture name="BF NOTE RIGHT MISS0000" x="2670" y="415" width="403" height="408" pivotX="-326.45" pivotY="223.2" frameX="-24" frameY="-30" frameWidth="427" frameHeight="438"/>
	<SubTexture name="BF NOTE RIGHT MISS0001" x="3073" y="415" width="403" height="430" frameX="0" frameY="0" frameWidth="427" frameHeight="438"/>
	<SubTexture name="BF NOTE RIGHT MISS0002" x="3073" y="415" width="403" height="430" frameX="0" frameY="0" frameWidth="427" frameHeight="438"/>
	<SubTexture name="BF NOTE RIGHT MISS0003" x="3476" y="415" width="409" height="430" frameX="-1" frameY="0" frameWidth="427" frameHeight="438"/>
	<SubTexture name="BF NOTE RIGHT MISS0004" x="3476" y="415" width="409" height="430" frameX="-1" frameY="0" frameWidth="427" frameHeight="438"/>
	<SubTexture name="BF NOTE RIGHT MISS0005" x="3476" y="415" width="409" height="430" frameX="-1" frameY="0" frameWidth="427" frameHeight="438"/>
	<SubTexture name="BF NOTE RIGHT MISS0006" x="3476" y="415" width="409" height="430" frameX="-1" frameY="0" frameWidth="427" frameHeight="438"/>
	<SubTexture name="BF NOTE RIGHT MISS0007" x="3476" y="415" width="409" height="430" frameX="-1" frameY="0" frameWidth="427" frameHeight="438"/>
	<SubTexture name="BF NOTE RIGHT MISS0008" x="3476" y="415" width="409" height="430" frameX="-1" frameY="0" frameWidth="427" frameHeight="438"/>
	<SubTexture name="BF NOTE RIGHT MISS0009" x="3476" y="415" width="409" height="430" frameX="-1" frameY="0" frameWidth="427" frameHeight="438"/>
	<SubTexture name="BF NOTE RIGHT MISS0010" x="3476" y="415" width="409" height="430" frameX="-1" frameY="0" frameWidth="427" frameHeight="438"/>
	<SubTexture name="BF NOTE RIGHT MISS0011" x="3476" y="415" width="409" height="430" frameX="-1" frameY="0" frameWidth="427" frameHeight="438"/>
	<SubTexture name="BF NOTE RIGHT MISS0012" x="3476" y="415" width="409" height="430" frameX="-1" frameY="0" frameWidth="427" frameHeight="438"/>
	<SubTexture name="BF NOTE RIGHT MISS0013" x="3476" y="415" width="409" height="430" frameX="-1" frameY="0" frameWidth="427" frameHeight="438"/>
	<SubTexture name="BF NOTE RIGHT MISS0014" x="3476" y="415" width="409" height="430" frameX="-1" frameY="0" frameWidth="427" frameHeight="438"/>
	<SubTexture name="BF NOTE RIGHT MISS0015" x="3476" y="415" width="409" height="430" frameX="-1" frameY="0" frameWidth="427" frameHeight="438"/>
	<SubTexture name="BF NOTE RIGHT MISS0016" x="3476" y="415" width="409" height="430" frameX="-1" frameY="0" frameWidth="427" frameHeight="438"/>
	<SubTexture name="BF NOTE RIGHT MISS0017" x="3476" y="415" width="409" height="430" frameX="-1" frameY="0" frameWidth="427" frameHeight="438"/>
	<SubTexture name="BF NOTE RIGHT MISS0018" x="3476" y="415" width="409" height="430" frameX="-1" frameY="0" frameWidth="427" frameHeight="438"/>
	<SubTexture name="BF NOTE RIGHT MISS0019" x="3476" y="415" width="409" height="430" frameX="-1" frameY="0" frameWidth="427" frameHeight="438"/>
	<SubTexture name="BF NOTE RIGHT MISS0020" x="3476" y="415" width="409" height="430" frameX="-1" frameY="0" frameWidth="427" frameHeight="438"/>
	<SubTexture name="BF NOTE RIGHT MISS0021" x="3476" y="415" width="409" height="430" frameX="-1" frameY="0" frameWidth="427" frameHeight="438"/>
	<SubTexture name="BF NOTE RIGHT MISS0022" x="3476" y="415" width="409" height="430" frameX="-1" frameY="0" frameWidth="427" frameHeight="438"/>
	<SubTexture name="BF NOTE RIGHT MISS0023" x="3476" y="415" width="409" height="430" frameX="-1" frameY="0" frameWidth="427" frameHeight="438"/>
	<SubTexture name="BF NOTE RIGHT MISS0024" x="3476" y="415" width="409" height="430" frameX="-1" frameY="0" frameWidth="427" frameHeight="438"/>
	<SubTexture name="BF NOTE RIGHT MISS0025" x="3476" y="415" width="409" height="430" frameX="-1" frameY="0" frameWidth="427" frameHeight="438"/>
	<SubTexture name="BF NOTE RIGHT MISS0026" x="3476" y="415" width="409" height="430" frameX="-1" frameY="0" frameWidth="427" frameHeight="438"/>
	<SubTexture name="BF NOTE RIGHT MISS0027" x="3476" y="415" width="409" height="430" frameX="-1" frameY="0" frameWidth="427" frameHeight="438"/>
	<SubTexture name="BF NOTE RIGHT MISS0028" x="3476" y="415" width="409" height="430" frameX="-1" frameY="0" frameWidth="427" frameHeight="438"/>
	<SubTexture name="BF NOTE RIGHT MISS0029" x="3476" y="415" width="409" height="430" frameX="-1" frameY="0" frameWidth="427" frameHeight="438"/>
	<SubTexture name="BF NOTE RIGHT MISS0030" x="3476" y="415" width="409" height="430" frameX="-1" frameY="0" frameWidth="427" frameHeight="438"/>
	<SubTexture name="BF NOTE RIGHT MISS0031" x="3476" y="415" width="409" height="430" frameX="-1" frameY="0" frameWidth="427" frameHeight="438"/>
	<SubTexture name="BF NOTE RIGHT MISS0032" x="3476" y="415" width="409" height="430" frameX="-1" frameY="0" frameWidth="427" frameHeight="438"/>
	<SubTexture name="BF NOTE RIGHT MISS0033" x="3476" y="415" width="409" height="430" frameX="-1" frameY="0" frameWidth="427" frameHeight="438"/>
	<SubTexture name="BF NOTE RIGHT MISS0034" x="3476" y="415" width="409" height="430" frameX="-1" frameY="0" frameWidth="427" frameHeight="438"/>
	<SubTexture name="BF NOTE RIGHT MISS0035" x="3476" y="415" width="409" height="430" frameX="-1" frameY="0" frameWidth="427" frameHeight="438"/>
	<SubTexture name="BF NOTE RIGHT MISS0036" x="3476" y="415" width="409" height="430" frameX="-1" frameY="0" frameWidth="427" frameHeight="438"/>
	<SubTexture name="BF NOTE RIGHT MISS0037" x="3476" y="415" width="409" height="430" frameX="-1" frameY="0" frameWidth="427" frameHeight="438"/>
	<SubTexture name="BF NOTE RIGHT MISS0038" x="3476" y="415" width="409" height="430" frameX="-1" frameY="0" frameWidth="427" frameHeight="438"/>
	<SubTexture name="BF NOTE RIGHT MISS0039" x="3476" y="415" width="409" height="430" frameX="-1" frameY="0" frameWidth="427" frameHeight="438"/>
	<SubTexture name="BF NOTE RIGHT MISS0040" x="3476" y="415" width="409" height="430" frameX="-1" frameY="0" frameWidth="427" frameHeight="438"/>
	<SubTexture name="BF NOTE RIGHT MISS0041" x="3476" y="415" width="409" height="430" frameX="-1" frameY="0" frameWidth="427" frameHeight="438"/>
	<SubTexture name="BF NOTE RIGHT MISS0042" x="3476" y="415" width="409" height="430" frameX="-1" frameY="0" frameWidth="427" frameHeight="438"/>
	<SubTexture name="BF NOTE RIGHT MISS0043" x="3476" y="415" width="409" height="430" frameX="-1" frameY="0" frameWidth="427" frameHeight="438"/>
	<SubTexture name="BF NOTE RIGHT MISS0044" x="3476" y="415" width="409" height="430" frameX="-1" frameY="0" frameWidth="427" frameHeight="438"/>
	<SubTexture name="BF NOTE RIGHT MISS0045" x="3476" y="415" width="409" height="430" frameX="-1" frameY="0" frameWidth="427" frameHeight="438"/>
	<SubTexture name="BF NOTE UP0000" x="0" y="848" width="368" height="447" pivotX="-42" pivotY="-36.45" frameX="-1" frameY="0" frameWidth="371" frameHeight="447"/>
	<SubTexture name="BF NOTE UP0001" x="368" y="848" width="368" height="447" frameX="-1" frameY="0" frameWidth="371" frameHeight="447"/>
	<SubTexture name="BF NOTE UP0002" x="736" y="848" width="371" height="442" frameX="0" frameY="-5" frameWidth="371" frameHeight="447"/>
	<SubTexture name="BF NOTE UP0003" x="1107" y="848" width="371" height="442" frameX="0" frameY="-5" frameWidth="371" frameHeight="447"/>
	<SubTexture name="BF NOTE UP0004" x="1478" y="848" width="371" height="442" frameX="0" frameY="-5" frameWidth="371" frameHeight="447"/>
	<SubTexture name="BF NOTE UP0005" x="1849" y="848" width="371" height="442" frameX="0" frameY="-5" frameWidth="371" frameHeight="447"/>
	<SubTexture name="BF NOTE UP0006" x="2220" y="848" width="371" height="442" frameX="0" frameY="-5" frameWidth="371" frameHeight="447"/>
	<SubTexture name="BF NOTE UP0007" x="2591" y="848" width="371" height="442" frameX="0" frameY="-5" frameWidth="371" frameHeight="447"/>
	<SubTexture name="BF NOTE UP0008" x="2962" y="848" width="371" height="442" frameX="0" frameY="-5" frameWidth="371" frameHeight="447"/>
	<SubTexture name="BF NOTE UP0009" x="3333" y="848" width="371" height="442" frameX="0" frameY="-5" frameWidth="371" frameHeight="447"/>
	<SubTexture name="BF NOTE UP0010" x="3704" y="848" width="371" height="442" frameX="0" frameY="-5" frameWidth="371" frameHeight="447"/>
	<SubTexture name="BF NOTE UP0011" x="0" y="1295" width="371" height="442" frameX="0" frameY="-5" frameWidth="371" frameHeight="447"/>
	<SubTexture name="BF NOTE UP0012" x="371" y="1295" width="371" height="442" frameX="0" frameY="-5" frameWidth="371" frameHeight="447"/>
	<SubTexture name="BF NOTE UP0013" x="742" y="1295" width="371" height="442" frameX="0" frameY="-5" frameWidth="371" frameHeight="447"/>
	<SubTexture name="BF NOTE UP0014" x="1113" y="1295" width="371" height="442" frameX="0" frameY="-5" frameWidth="371" frameHeight="447"/>
	<SubTexture name="BF NOTE UP MISS0000" x="1484" y="1295" width="368" height="447" pivotX="-43.95" pivotY="-36.45" frameX="0" frameY="0" frameWidth="408" frameHeight="497"/>
	<SubTexture name="BF NOTE UP MISS0001" x="1852" y="1295" width="377" height="449" frameX="-31" frameY="-48" frameWidth="408" frameHeight="497"/>
	<SubTexture name="BF NOTE UP MISS0002" x="1852" y="1295" width="377" height="449" frameX="-31" frameY="-48" frameWidth="408" frameHeight="497"/>
	<SubTexture name="BF NOTE UP MISS0003" x="2229" y="1295" width="373" height="451" frameX="-32" frameY="-46" frameWidth="408" frameHeight="497"/>
	<SubTexture name="BF NOTE UP MISS0004" x="2229" y="1295" width="373" height="451" frameX="-32" frameY="-46" frameWidth="408" frameHeight="497"/>
	<SubTexture name="BF NOTE UP MISS0005" x="2229" y="1295" width="373" height="451" frameX="-32" frameY="-46" frameWidth="408" frameHeight="497"/>
	<SubTexture name="BF NOTE UP MISS0006" x="2229" y="1295" width="373" height="451" frameX="-32" frameY="-46" frameWidth="408" frameHeight="497"/>
	<SubTexture name="BF NOTE UP MISS0007" x="2229" y="1295" width="373" height="451" frameX="-32" frameY="-46" frameWidth="408" frameHeight="497"/>
	<SubTexture name="BF NOTE UP MISS0008" x="2229" y="1295" width="373" height="451" frameX="-32" frameY="-46" frameWidth="408" frameHeight="497"/>
	<SubTexture name="BF NOTE UP MISS0009" x="2229" y="1295" width="373" height="451" frameX="-32" frameY="-46" frameWidth="408" frameHeight="497"/>
	<SubTexture name="BF NOTE UP MISS0010" x="2229" y="1295" width="373" height="451" frameX="-32" frameY="-46" frameWidth="408" frameHeight="497"/>
	<SubTexture name="BF NOTE UP MISS0011" x="2229" y="1295" width="373" height="451" frameX="-32" frameY="-46" frameWidth="408" frameHeight="497"/>
	<SubTexture name="BF NOTE UP MISS0012" x="2229" y="1295" width="373" height="451" frameX="-32" frameY="-46" frameWidth="408" frameHeight="497"/>
	<SubTexture name="BF NOTE UP MISS0013" x="2229" y="1295" width="373" height="451" frameX="-32" frameY="-46" frameWidth="408" frameHeight="497"/>
	<SubTexture name="BF NOTE UP MISS0014" x="2229" y="1295" width="373" height="451" frameX="-32" frameY="-46" frameWidth="408" frameHeight="497"/>
	<SubTexture name="BF NOTE UP MISS0015" x="2229" y="1295" width="373" height="451" frameX="-32" frameY="-46" frameWidth="408" frameHeight="497"/>
	<SubTexture name="BF NOTE UP MISS0016" x="2229" y="1295" width="373" height="451" frameX="-32" frameY="-46" frameWidth="408" frameHeight="497"/>
	<SubTexture name="BF NOTE UP MISS0017" x="2229" y="1295" width="373" height="451" frameX="-32" frameY="-46" frameWidth="408" frameHeight="497"/>
	<SubTexture name="BF NOTE UP MISS0018" x="2229" y="1295" width="373" height="451" frameX="-32" frameY="-46" frameWidth="408" frameHeight="497"/>
	<SubTexture name="BF NOTE UP MISS0019" x="2229" y="1295" width="373" height="451" frameX="-32" frameY="-46" frameWidth="408" frameHeight="497"/>
	<SubTexture name="BF NOTE UP MISS0020" x="2229" y="1295" width="373" height="451" frameX="-32" frameY="-46" frameWidth="408" frameHeight="497"/>
	<SubTexture name="BF NOTE UP MISS0021" x="2229" y="1295" width="373" height="451" frameX="-32" frameY="-46" frameWidth="408" frameHeight="497"/>
	<SubTexture name="BF NOTE UP MISS0022" x="2229" y="1295" width="373" height="451" frameX="-32" frameY="-46" frameWidth="408" frameHeight="497"/>
	<SubTexture name="BF NOTE UP MISS0023" x="2229" y="1295" width="373" height="451" frameX="-32" frameY="-46" frameWidth="408" frameHeight="497"/>
	<SubTexture name="BF idle dance0000" x="2602" y="1295" width="406" height="395" pivotX="-299.8" pivotY="201.6" frameX="-1" frameY="-20" frameWidth="411" frameHeight="416"/>
	<SubTexture name="BF idle dance0001" x="3008" y="1295" width="406" height="395" frameX="-1" frameY="-20" frameWidth="411" frameHeight="416"/>
	<SubTexture name="BF idle dance0002" x="3414" y="1295" width="408" height="397" frameX="0" frameY="-19" frameWidth="411" frameHeight="416"/>
	<SubTexture name="BF idle dance0003" x="0" y="1746" width="408" height="397" frameX="0" frameY="-19" frameWidth="411" frameHeight="416"/>
	<SubTexture name="BF idle dance0004" x="408" y="1746" width="405" height="402" frameX="-3" frameY="-14" frameWidth="411" frameHeight="416"/>
	<SubTexture name="BF idle dance0005" x="813" y="1746" width="405" height="402" frameX="-3" frameY="-14" frameWidth="411" frameHeight="416"/>
	<SubTexture name="BF idle dance0006" x="1218" y="1746" width="410" height="415" frameX="-1" frameY="-1" frameWidth="411" frameHeight="416"/>
	<SubTexture name="BF idle dance0007" x="1218" y="1746" width="410" height="415" frameX="-1" frameY="-1" frameWidth="411" frameHeight="416"/>
	<SubTexture name="BF idle dance0008" x="1628" y="1746" width="408" height="416" frameX="-2" frameY="0" frameWidth="411" frameHeight="416"/>
	<SubTexture name="BF idle dance0009" x="1628" y="1746" width="408" height="416" frameX="-2" frameY="0" frameWidth="411" frameHeight="416"/>
	<SubTexture name="BF idle dance0010" x="1628" y="1746" width="408" height="416" frameX="-2" frameY="0" frameWidth="411" frameHeight="416"/>
	<SubTexture name="BF idle dance0011" x="1628" y="1746" width="408" height="416" frameX="-2" frameY="0" frameWidth="411" frameHeight="416"/>
	<SubTexture name="BF idle dance0012" x="1628" y="1746" width="408" height="416" frameX="-2" frameY="0" frameWidth="411" frameHeight="416"/>
	<SubTexture name="BF idle dance0013" x="1628" y="1746" width="408" height="416" frameX="-2" frameY="0" frameWidth="411" frameHeight="416"/>
</TextureAtlas>
